Participant,Condition,Block,Sequence,Trial,Amplitudes,Width,Event,time,Pos_x,Pos_y
S01,C01,B02,1,1,200,30,MOUSEPOS,498,948,680
S01,C01,B02,1,1,200,30,MOUSEPOS,498,948,680
S01,C01,B02,1,1,200,30,MOUSEPOS,498,948,680
S01,C01,B02,1,1,200,30,MOUSEPOS,558,948,675
S01,C01,B02,1,1,200,30,MOUSEPOS,558,948,675
S01,C01,B02,1,1,200,30,MOUSEPOS,558,948,675
S01,C01,B02,1,1,200,30,MOUSEPOS,558,948,675
S01,C01,B02,1,1,200,30,MOUSEPOS,558,948,675
S01,C01,B02,1,1,200,30,MOUSEPOS,558,948,675
S01,C01,B02,1,1,200,30,MOUSEPOS,558,948,675
S01,C01,B02,1,1,200,30,MOUSEPOS,558,948,675
S01,C01,B02,1,1,200,30,MOUSEPOS,681,948,674
S01,C01,B02,1,1,200,30,MOUSEPOS,690,947,673
S01,C01,B02,1,1,200,30,MOUSEPOS,705,947,671
S01,C01,B02,1,1,200,30,MOUSEPOS,715,946,669
S01,C01,B02,1,1,200,30,MOUSEPOS,731,944,667
S01,C01,B02,1,1,200,30,MOUSEPOS,739,944,666
S01,C01,B02,1,1,200,30,MOUSEPOS,739,944,666
S01,C01,B02,1,1,200,30,MOUSEPOS,765,943,666
S01,C01,B02,1,1,200,30,MOUSEPOS,781,943,665
S01,C01,B02,1,1,200,30,MOUSEPOS,785,942,664
S01,C01,B02,1,1,200,30,MOUSEPOS,806,941,663
S01,C01,B02,1,1,200,30,MOUSEPOS,817,941,660
S01,C01,B02,1,1,200,30,MOUSEPOS,829,941,657
S01,C01,B02,1,1,200,30,MOUSEPOS,840,941,654
S01,C01,B02,1,1,200,30,MOUSEPOS,853,941,647
S01,C01,B02,1,1,200,30,MOUSEPOS,865,942,643
S01,C01,B02,1,1,200,30,MOUSEPOS,876,944,639
S01,C01,B02,1,1,200,30,MOUSEPOS,887,945,635
S01,C01,B02,1,1,200,30,MOUSEPOS,895,947,632
S01,C01,B02,1,1,200,30,MOUSEPOS,908,949,627
S01,C01,B02,1,1,200,30,MOUSEPOS,921,951,625
S01,C01,B02,1,1,200,30,MOUSEPOS,933,955,622
S01,C01,B02,1,1,200,30,MOUSEPOS,943,961,620
S01,C01,B02,1,1,200,30,MOUSEPOS,953,968,617
S01,C01,B02,1,1,200,30,MOUSEPOS,965,978,613
S01,C01,B02,1,1,200,30,MOUSEPOS,977,989,609
S01,C01,B02,1,1,200,30,MOUSEPOS,987,998,605
S01,C01,B02,1,1,200,30,MOUSEPOS,998,1007,603
S01,C01,B02,1,1,200,30,MOUSEPOS,1008,1017,601
S01,C01,B02,1,1,200,30,MOUSEPOS,1020,1031,600
S01,C01,B02,1,1,200,30,MOUSEPOS,1031,1045,600
S01,C01,B02,1,1,200,30,MOUSEPOS,1041,1060,600
S01,C01,B02,1,1,200,30,MOUSEPOS,1054,1080,600
S01,C01,B02,1,1,200,30,MOUSEPOS,1065,1097,600
S01,C01,B02,1,1,200,30,MOUSEPOS,1076,1112,599
S01,C01,B02,1,1,200,30,MOUSEPOS,1088,1124,598
S01,C01,B02,1,1,200,30,MOUSEPOS,1102,1135,596
S01,C01,B02,1,1,200,30,MOUSEPOS,1114,1142,595
S01,C01,B02,1,1,200,30,MOUSEPOS,1125,1147,594
S01,C01,B02,1,1,200,30,MOUSEPOS,1135,1151,592
S01,C01,B02,1,1,200,30,MOUSEPOS,1142,1154,591
S01,C01,B02,1,1,200,30,MOUSEPOS,1157,1158,589
S01,C01,B02,1,1,200,30,MOUSEPOS,1169,1161,587
S01,C01,B02,1,1,200,30,MOUSEPOS,1179,1163,585
S01,C01,B02,1,1,200,30,MOUSEPOS,1191,1165,583
S01,C01,B02,1,1,200,30,MOUSEPOS,1204,1166,581
S01,C01,B02,1,1,200,30,MOUSEPOS,1213,1166,580
S01,C01,B02,1,1,200,30,MOUSEPOS,1226,1167,577
S01,C01,B02,1,1,200,30,MOUSEPOS,1237,1168,575
S01,C01,B02,1,1,200,30,MOUSEPOS,1248,1169,571
S01,C01,B02,1,1,200,30,MOUSEPOS,1260,1170,567
S01,C01,B02,1,1,200,30,MOUSEPOS,1270,1171,565
S01,C01,B02,1,1,200,30,MOUSEPOS,1281,1172,561
S01,C01,B02,1,1,200,30,MOUSEPOS,1293,1172,559
S01,C01,B02,1,1,200,30,MOUSEPOS,1302,1172,558
S01,C01,B02,1,1,200,30,MOUSEPOS,1302,1172,558
S01,C01,B02,1,1,200,30,MOUSEPOS,1320,1172,557
S01,C01,B02,1,1,200,30,MOUSEPOS,1339,1172,556
S01,C01,B02,1,1,200,30,MOUSEPOS,1339,1172,556
S01,C01,B02,1,1,200,30,MOUSEPOS,1359,1171,555
S01,C01,B02,1,1,200,30,MOUSEPOS,1359,1171,555
S01,C01,B02,1,1,200,30,MOUSEPOS,1375,1170,555
S01,C01,B02,1,1,200,30,MOUSEPOS,1389,1169,553
S01,C01,B02,1,1,200,30,MOUSEPOS,1400,1169,552
S01,C01,B02,1,1,200,30,MOUSEPOS,1400,1169,552
S01,C01,B02,1,1,200,30,MOUSEPOS,1426,1167,549
S01,C01,B02,1,1,200,30,MOUSEPOS,1426,1167,549
S01,C01,B02,1,1,200,30,MOUSEPOS,1447,1165,546
S01,C01,B02,1,1,200,30,MOUSEPOS,1459,1162,543
S01,C01,B02,1,1,200,30,MOUSEPOS,1470,1161,541
S01,C01,B02,1,1,200,30,MOUSEPOS,1478,1160,540
S01,C01,B02,1,1,200,30,MOUSEPOS,1489,1159,539
S01,C01,B02,1,1,200,30,MOUSEPOS,1498,1159,538
S01,C01,B02,1,1,200,30,MOUSEPOS,1498,1159,538
S01,C01,B02,1,1,200,30,MOUSEPOS,1498,1159,538
S01,C01,B02,1,1,200,30,MOUSEPOS,1531,1159,538
S01,C01,B02,1,1,200,30,MOUSEPOS,1531,1159,538
S01,C01,B02,1,1,200,30,MOUSEPOS,1549,1158,538
S01,C01,B02,1,1,200,30,MOUSEPOS,1549,1158,538
S01,C01,B02,1,1,200,30,MOUSEPOS,1577,1157,538
S01,C01,B02,1,1,200,30,MOUSEPOS,1589,1154,538
S01,C01,B02,1,1,200,30,MOUSEPOS,1604,1148,538
S01,C01,B02,1,1,200,30,MOUSEPOS,1616,1141,538
S01,C01,B02,1,1,200,30,MOUSEPOS,1628,1128,538
S01,C01,B02,1,1,200,30,MOUSEPOS,1641,1113,538
S01,C01,B02,1,1,200,30,MOUSEPOS,1653,1093,538
S01,C01,B02,1,1,200,30,MOUSEPOS,1665,1071,537
S01,C01,B02,1,1,200,30,MOUSEPOS,1677,1049,535
S01,C01,B02,1,1,200,30,MOUSEPOS,1688,1025,534
S01,C01,B02,1,1,200,30,MOUSEPOS,1700,998,534
S01,C01,B02,1,1,200,30,MOUSEPOS,1712,973,534
S01,C01,B02,1,1,200,30,MOUSEPOS,1724,945,533
S01,C01,B02,1,1,200,30,MOUSEPOS,1736,923,532
S01,C01,B02,1,1,200,30,MOUSEPOS,1748,903,531
S01,C01,B02,1,1,200,30,MOUSEPOS,1760,886,531
S01,C01,B02,1,1,200,30,MOUSEPOS,1772,871,530
S01,C01,B02,1,1,200,30,MOUSEPOS,1784,857,528
S01,C01,B02,1,1,200,30,MOUSEPOS,1796,846,526
S01,C01,B02,1,1,200,30,MOUSEPOS,1808,836,525
S01,C01,B02,1,1,200,30,MOUSEPOS,1821,827,524
S01,C01,B02,1,1,200,30,MOUSEPOS,1833,821,524
S01,C01,B02,1,1,200,30,MOUSEPOS,1845,818,524
S01,C01,B02,1,1,200,30,MOUSEPOS,1855,817,524
S01,C01,B02,1,1,200,30,MOUSEPOS,1858,816,524
S01,C01,B02,1,1,200,30,MOUSEPOS,1875,814,524
S01,C01,B02,1,1,200,30,MOUSEPOS,1884,812,524
S01,C01,B02,1,1,200,30,MOUSEPOS,1899,806,524
S01,C01,B02,1,1,200,30,MOUSEPOS,1910,801,524
S01,C01,B02,1,1,200,30,MOUSEPOS,1920,796,525
S01,C01,B02,1,1,200,30,MOUSEPOS,1932,792,525
S01,C01,B02,1,1,200,30,MOUSEPOS,1943,786,525
S01,C01,B02,1,1,200,30,MOUSEPOS,1953,782,526
S01,C01,B02,1,1,200,30,MOUSEPOS,1962,777,526
S01,C01,B02,1,1,200,30,MOUSEPOS,1973,773,526
S01,C01,B02,1,1,200,30,MOUSEPOS,1985,767,525
S01,C01,B02,1,1,200,30,MOUSEPOS,1996,764,525
S01,C01,B02,1,1,200,30,MOUSEPOS,2006,761,525
S01,C01,B02,1,1,200,30,MOUSEPOS,2006,761,525
S01,C01,B02,1,1,200,30,MOUSEPOS,2027,760,525
S01,C01,B02,1,1,200,30,MOUSEPOS,2027,760,525
S01,C01,B02,1,1,200,30,MOUSEPOS,2044,759,525
S01,C01,B02,1,1,200,30,MOUSEPOS,2058,758,525
S01,C01,B02,1,1,200,30,MOUSEPOS,2064,757,525
S01,C01,B02,1,1,200,30,MOUSEPOS,2079,755,528
S01,C01,B02,1,1,200,30,MOUSEPOS,2092,752,531
S01,C01,B02,1,1,200,30,MOUSEPOS,2104,750,536
S01,C01,B02,1,1,200,30,MOUSEPOS,2110,749,537
S01,C01,B02,1,1,200,30,MOUSEPOS,2110,749,537
S01,C01,B02,1,1,200,30,MOUSEPOS,2110,749,537
S01,C01,B02,1,1,200,30,MOUSEPOS,2110,749,537
S01,C01,B02,1,1,200,30,MOUSEPOS,2110,749,537
S01,C01,B02,1,1,200,30,MOUSEPOS,2110,749,537
S01,C01,B02,1,1,200,30,MOUSEPOS,2110,749,537
S01,C01,B02,1,1,200,30,MOUSEPOS,2110,749,537
S01,C01,B02,1,1,200,30,MOUSEPOS,2110,749,537
S01,C01,B02,1,1,200,30,MOUSEPOS,2217,749,539
S01,C01,B02,1,1,200,30,MOUSEPOS,2217,749,539
S01,C01,B02,1,1,200,30,MOUSEPOS,2236,750,539
S01,C01,B02,1,1,200,30,MOUSEPOS,2244,750,540
S01,C01,B02,1,1,200,30,MOUSEPOS,2253,751,540
S01,C01,B02,1,1,200,30,MOUSEPOS,2253,751,540
S01,C01,B02,1,1,200,30,MOUSEPOS,2253,751,540
S01,C01,B02,1,1,200,30,MOUSEPOS,2253,751,540
S01,C01,B02,1,1,200,30,MOUSEPOS,2253,751,540
S01,C01,B02,1,1,200,30,MOUSEPOS,2253,751,540
S01,C01,B02,1,1,200,30,MOUSEPOS,2322,752,540
S01,C01,B02,1,1,200,30,MOUSEPOS,2338,754,540
S01,C01,B02,1,1,200,30,MOUSEPOS,2351,755,542
S01,C01,B02,1,1,200,30,MOUSEPOS,2356,756,542
S01,C01,B02,1,1,200,30,MOUSEPOS,2367,758,543
S01,C01,B02,1,1,200,30,MOUSEPOS,2367,758,543
S01,C01,B02,1,1,200,30,MOUSEPOS,2367,758,543
S01,C01,B02,1,1,200,30,MOUSEPOS,2400,759,543
S01,C01,B02,1,1,200,30,MOUSEPOS,2400,759,543
S01,C01,B02,1,1,200,30,MOUSEPOS,2400,759,543
S01,C01,B02,1,1,200,30,MOUSEPOS,2400,759,543
S01,C01,B02,1,1,200,30,MOUSEPOS,2400,759,543
S01,C01,B02,1,1,200,30,MOUSEPOS,2400,759,543
S01,C01,B02,1,1,200,30,MOUSEPOS,2400,759,543
S01,C01,B02,1,1,200,30,MOUSEPOS,2477,760,543
S01,C01,B02,1,1,200,30,MOUSEPOS,2477,760,543
S01,C01,B02,1,1,200,30,MOUSEPOS,2500,761,543
S01,C01,B02,1,1,200,30,MOUSEPOS,2500,761,543
S01,C01,B02,1,1,200,30,MOUSEPOS,2500,761,543
S01,C01,B02,1,1,200,30,MOUSEPOS,2530,761,542
S01,C01,B02,1,1,200,30,MOUSEPOS,2530,761,542
S01,C01,B02,1,1,200,30,MOUSEPOS,2530,761,542
S01,C01,B02,1,2,200,30,MOUSEPOS,2569,761,541
S01,C01,B02,1,2,200,30,MOUSEPOS,2569,761,541
S01,C01,B02,1,2,200,30,MOUSEPOS,2569,761,541
S01,C01,B02,1,2,200,30,MOUSEPOS,2569,761,541
S01,C01,B02,1,2,200,30,MOUSEPOS,2569,761,541
S01,C01,B02,1,2,200,30,MOUSEPOS,2569,761,541
S01,C01,B02,1,2,200,30,MOUSEPOS,2569,761,541
S01,C01,B02,1,2,200,30,MOUSEPOS,2569,761,541
S01,C01,B02,1,2,200,30,MOUSEPOS,2569,761,541
S01,C01,B02,1,2,200,30,MOUSEPOS,2664,761,540
S01,C01,B02,1,2,200,30,MOUSEPOS,2675,760,540
S01,C01,B02,1,2,200,30,MOUSEPOS,2686,759,540
S01,C01,B02,1,2,200,30,MOUSEPOS,2706,758,540
S01,C01,B02,1,2,200,30,MOUSEPOS,2706,758,540
S01,C01,B02,1,2,200,30,MOUSEPOS,2706,758,540
S01,C01,B02,1,2,200,30,MOUSEPOS,2734,758,540
S01,C01,B02,1,2,200,30,MOUSEPOS,2734,758,540
S01,C01,B02,1,2,200,30,MOUSEPOS,2734,758,540
S01,C01,B02,1,2,200,30,MOUSEPOS,2734,758,540
S01,C01,B02,1,2,200,30,MOUSEPOS,2783,760,540
S01,C01,B02,1,2,200,30,MOUSEPOS,2794,763,540
S01,C01,B02,1,2,200,30,MOUSEPOS,2806,773,540
S01,C01,B02,1,2,200,30,MOUSEPOS,2819,785,543
S01,C01,B02,1,2,200,30,MOUSEPOS,2831,800,545
S01,C01,B02,1,2,200,30,MOUSEPOS,2843,816,547
S01,C01,B02,1,2,200,30,MOUSEPOS,2856,836,549
S01,C01,B02,1,2,200,30,MOUSEPOS,2867,856,552
S01,C01,B02,1,2,200,30,MOUSEPOS,2879,881,555
S01,C01,B02,1,2,200,30,MOUSEPOS,2892,913,559
S01,C01,B02,1,2,200,30,MOUSEPOS,2904,942,563
S01,C01,B02,1,2,200,30,MOUSEPOS,2916,971,567
S01,C01,B02,1,2,200,30,MOUSEPOS,2928,999,570
S01,C01,B02,1,2,200,30,MOUSEPOS,2938,1018,572
S01,C01,B02,1,2,200,30,MOUSEPOS,2950,1040,573
S01,C01,B02,1,2,200,30,MOUSEPOS,2962,1055,575
S01,C01,B02,1,2,200,30,MOUSEPOS,2974,1065,576
S01,C01,B02,1,2,200,30,MOUSEPOS,2984,1071,576
S01,C01,B02,1,2,200,30,MOUSEPOS,2996,1076,578
S01,C01,B02,1,2,200,30,MOUSEPOS,3006,1079,579
S01,C01,B02,1,2,200,30,MOUSEPOS,3017,1081,581
S01,C01,B02,1,2,200,30,MOUSEPOS,3028,1082,583
S01,C01,B02,1,2,200,30,MOUSEPOS,3037,1083,584
S01,C01,B02,1,2,200,30,MOUSEPOS,3037,1083,584
S01,C01,B02,1,2,200,30,MOUSEPOS,3062,1084,585
S01,C01,B02,1,2,200,30,MOUSEPOS,3075,1086,586
S01,C01,B02,1,2,200,30,MOUSEPOS,3087,1091,588
S01,C01,B02,1,2,200,30,MOUSEPOS,3099,1098,592
S01,C01,B02,1,2,200,30,MOUSEPOS,3108,1104,594
S01,C01,B02,1,2,200,30,MOUSEPOS,3121,1110,597
S01,C01,B02,1,2,200,30,MOUSEPOS,3132,1115,597
S01,C01,B02,1,2,200,30,MOUSEPOS,3139,1118,598
S01,C01,B02,1,2,200,30,MOUSEPOS,3148,1120,599
S01,C01,B02,1,2,200,30,MOUSEPOS,3148,1120,599
S01,C01,B02,1,2,200,30,MOUSEPOS,3175,1121,600
S01,C01,B02,1,2,200,30,MOUSEPOS,3181,1122,600
S01,C01,B02,1,2,200,30,MOUSEPOS,3198,1125,603
S01,C01,B02,1,2,200,30,MOUSEPOS,3207,1127,605
S01,C01,B02,1,2,200,30,MOUSEPOS,3219,1128,606
S01,C01,B02,1,2,200,30,MOUSEPOS,3219,1128,606
S01,C01,B02,1,2,200,30,MOUSEPOS,3219,1128,606
S01,C01,B02,1,2,200,30,MOUSEPOS,3219,1128,606
S01,C01,B02,1,2,200,30,MOUSEPOS,3219,1128,606
S01,C01,B02,1,2,200,30,MOUSEPOS,3219,1128,606
S01,C01,B02,1,2,200,30,MOUSEPOS,3219,1128,606
S01,C01,B02,1,2,200,30,MOUSEPOS,3219,1128,606
S01,C01,B02,1,2,200,30,MOUSEPOS,3219,1128,606
S01,C01,B02,1,2,200,30,MOUSEPOS,3219,1128,606
S01,C01,B02,1,2,200,30,MOUSEPOS,3219,1128,606
S01,C01,B02,1,3,200,30,MOUSEPOS,3343,1128,606
S01,C01,B02,1,3,200,30,MOUSEPOS,3349,1127,606
S01,C01,B02,1,3,200,30,MOUSEPOS,3364,1124,606
S01,C01,B02,1,3,200,30,MOUSEPOS,3373,1121,606
S01,C01,B02,1,3,200,30,MOUSEPOS,3387,1115,603
S01,C01,B02,1,3,200,30,MOUSEPOS,3398,1107,597
S01,C01,B02,1,3,200,30,MOUSEPOS,3409,1094,590
S01,C01,B02,1,3,200,30,MOUSEPOS,3420,1078,580
S01,C01,B02,1,3,200,30,MOUSEPOS,3432,1060,572
S01,C01,B02,1,3,200,30,MOUSEPOS,3442,1050,567
S01,C01,B02,1,3,200,30,MOUSEPOS,3453,1044,566
S01,C01,B02,1,3,200,30,MOUSEPOS,3465,1041,565
S01,C01,B02,1,3,200,30,MOUSEPOS,3465,1041,565
S01,C01,B02,1,3,200,30,MOUSEPOS,3465,1041,565
S01,C01,B02,1,3,200,30,MOUSEPOS,3465,1041,565
S01,C01,B02,1,3,200,30,MOUSEPOS,3506,1044,565
S01,C01,B02,1,3,200,30,MOUSEPOS,3521,1049,566
S01,C01,B02,1,3,200,30,MOUSEPOS,3533,1057,570
S01,C01,B02,1,3,200,30,MOUSEPOS,3545,1070,576
S01,C01,B02,1,3,200,30,MOUSEPOS,3557,1082,582
S01,C01,B02,1,3,200,30,MOUSEPOS,3568,1091,585
S01,C01,B02,1,3,200,30,MOUSEPOS,3579,1098,587
S01,C01,B02,1,3,200,30,MOUSEPOS,3589,1104,588
S01,C01,B02,1,3,200,30,MOUSEPOS,3597,1107,588
S01,C01,B02,1,3,200,30,MOUSEPOS,3606,1109,588
S01,C01,B02,1,3,200,30,MOUSEPOS,3606,1109,588
S01,C01,B02,1,3,200,30,MOUSEPOS,3606,1109,588
S01,C01,B02,1,3,200,30,MOUSEPOS,3606,1109,588
S01,C01,B02,1,3,200,30,MOUSEPOS,3606,1109,588
S01,C01,B02,1,3,200,30,MOUSEPOS,3658,1108,588
S01,C01,B02,1,3,200,30,MOUSEPOS,3658,1108,588
S01,C01,B02,1,3,200,30,MOUSEPOS,3658,1108,588
S01,C01,B02,1,3,200,30,MOUSEPOS,3658,1108,588
S01,C01,B02,1,3,200,30,MOUSEPOS,3658,1108,588
S01,C01,B02,1,3,200,30,MOUSEPOS,3658,1108,588
S01,C01,B02,1,3,200,30,MOUSEPOS,3658,1108,588
S01,C01,B02,1,3,200,30,MOUSEPOS,3658,1108,588
S01,C01,B02,1,3,200,30,MOUSEPOS,3658,1108,588
S01,C01,B02,1,3,200,30,MOUSEPOS,3658,1108,588
S01,C01,B02,1,3,200,30,MOUSEPOS,3772,1108,589
S01,C01,B02,1,3,200,30,MOUSEPOS,3786,1108,590
S01,C01,B02,1,3,200,30,MOUSEPOS,3797,1109,591
S01,C01,B02,1,3,200,30,MOUSEPOS,3808,1110,592
S01,C01,B02,1,3,200,30,MOUSEPOS,3808,1110,592
S01,C01,B02,1,3,200,30,MOUSEPOS,3830,1112,593
S01,C01,B02,1,3,200,30,MOUSEPOS,3830,1112,593
S01,C01,B02,1,3,200,30,MOUSEPOS,3830,1112,593
S01,C01,B02,1,3,200,30,MOUSEPOS,3830,1112,593
S01,C01,B02,1,3,200,30,MOUSEPOS,3872,1112,594
S01,C01,B02,1,3,200,30,MOUSEPOS,3872,1112,594
S01,C01,B02,1,3,200,30,MOUSEPOS,3896,1112,594
S01,C01,B02,1,3,200,30,MOUSEPOS,3908,1113,595
S01,C01,B02,1,3,200,30,MOUSEPOS,3908,1113,595
S01,C01,B02,1,3,200,30,MOUSEPOS,3908,1113,595
S01,C01,B02,1,3,200,30,MOUSEPOS,3908,1113,595
S01,C01,B02,1,3,200,30,MOUSEPOS,3953,1112,595
S01,C01,B02,1,3,200,30,MOUSEPOS,3964,1108,594
S01,C01,B02,1,3,200,30,MOUSEPOS,3977,1096,588
S01,C01,B02,1,3,200,30,MOUSEPOS,3989,1080,582
S01,C01,B02,1,3,200,30,MOUSEPOS,4001,1058,572
S01,C01,B02,1,3,200,30,MOUSEPOS,4013,1030,561
S01,C01,B02,1,3,200,30,MOUSEPOS,4025,999,549
S01,C01,B02,1,3,200,30,MOUSEPOS,4037,968,540
S01,C01,B02,1,3,200,30,MOUSEPOS,4049,938,532
S01,C01,B02,1,3,200,30,MOUSEPOS,4058,915,528
S01,C01,B02,1,3,200,30,MOUSEPOS,4070,888,522
S01,C01,B02,1,3,200,30,MOUSEPOS,4082,865,518
S01,C01,B02,1,3,200,30,MOUSEPOS,4093,848,515
S01,C01,B02,1,3,200,30,MOUSEPOS,4103,837,513
S01,C01,B02,1,3,200,30,MOUSEPOS,4115,827,510
S01,C01,B02,1,3,200,30,MOUSEPOS,4127,819,507
S01,C01,B02,1,4,200,30,MOUSEPOS,4139,813,504
S01,C01,B02,1,4,200,30,MOUSEPOS,4151,806,500
S01,C01,B02,1,4,200,30,MOUSEPOS,4157,805,498
S01,C01,B02,1,4,200,30,MOUSEPOS,4168,804,498
S01,C01,B02,1,4,200,30,MOUSEPOS,4168,804,498
S01,C01,B02,1,4,200,30,MOUSEPOS,4192,806,498
S01,C01,B02,1,4,200,30,MOUSEPOS,4203,809,498
S01,C01,B02,1,4,200,30,MOUSEPOS,4214,812,498
S01,C01,B02,1,4,200,30,MOUSEPOS,4228,815,498
S01,C01,B02,1,4,200,30,MOUSEPOS,4239,818,498
S01,C01,B02,1,4,200,30,MOUSEPOS,4248,821,498
S01,C01,B02,1,4,200,30,MOUSEPOS,4256,823,498
S01,C01,B02,1,4,200,30,MOUSEPOS,4264,824,498
S01,C01,B02,1,4,200,30,MOUSEPOS,4280,825,498
S01,C01,B02,1,4,200,30,MOUSEPOS,4280,825,498
S01,C01,B02,1,4,200,30,MOUSEPOS,4280,825,498
S01,C01,B02,1,4,200,30,MOUSEPOS,4280,825,498
S01,C01,B02,1,4,200,30,MOUSEPOS,4328,824,498
S01,C01,B02,1,4,200,30,MOUSEPOS,4339,821,498
S01,C01,B02,1,4,200,30,MOUSEPOS,4350,818,497
S01,C01,B02,1,4,200,30,MOUSEPOS,4361,816,497
S01,C01,B02,1,4,200,30,MOUSEPOS,4364,815,496
S01,C01,B02,1,4,200,30,MOUSEPOS,4380,814,496
S01,C01,B02,1,4,200,30,MOUSEPOS,4380,814,496
S01,C01,B02,1,4,200,30,MOUSEPOS,4380,814,496
S01,C01,B02,1,4,200,30,MOUSEPOS,4380,814,496
S01,C01,B02,1,4,200,30,MOUSEPOS,4421,814,496
S01,C01,B02,1,4,200,30,MOUSEPOS,4421,814,496
S01,C01,B02,1,4,200,30,MOUSEPOS,4421,814,496
S01,C01,B02,1,4,200,30,MOUSEPOS,4461,815,497
S01,C01,B02,1,4,200,30,MOUSEPOS,4473,821,501
S01,C01,B02,1,4,200,30,MOUSEPOS,4486,833,509
S01,C01,B02,1,4,200,30,MOUSEPOS,4498,850,519
S01,C01,B02,1,4,200,30,MOUSEPOS,4510,868,531
S01,C01,B02,1,4,200,30,MOUSEPOS,4522,884,541
S01,C01,B02,1,4,200,30,MOUSEPOS,4534,899,549
S01,C01,B02,1,4,200,30,MOUSEPOS,4546,912,555
S01,C01,B02,1,4,200,30,MOUSEPOS,4556,920,558
S01,C01,B02,1,4,200,30,MOUSEPOS,4565,925,560
S01,C01,B02,1,4,200,30,MOUSEPOS,4571,927,560
S01,C01,B02,1,4,200,30,MOUSEPOS,4587,928,560
S01,C01,B02,1,4,200,30,MOUSEPOS,4587,928,560
S01,C01,B02,1,4,200,30,MOUSEPOS,4587,928,560
S01,C01,B02,1,4,200,30,MOUSEPOS,4587,928,560
S01,C01,B02,1,5,200,30,MOUSEPOS,4630,928,560
S01,C01,B02,1,5,200,30,MOUSEPOS,4630,928,560
S01,C01,B02,1,5,200,30,MOUSEPOS,4655,929,561
S01,C01,B02,1,5,200,30,MOUSEPOS,4664,932,561
S01,C01,B02,1,5,200,30,MOUSEPOS,4675,935,563
S01,C01,B02,1,5,200,30,MOUSEPOS,4686,938,564
S01,C01,B02,1,5,200,30,MOUSEPOS,4701,941,566
S01,C01,B02,1,5,200,30,MOUSEPOS,4712,944,567
S01,C01,B02,1,5,200,30,MOUSEPOS,4724,947,568
S01,C01,B02,1,5,200,30,MOUSEPOS,4736,949,570
S01,C01,B02,1,5,200,30,MOUSEPOS,4744,950,570
S01,C01,B02,1,5,200,30,MOUSEPOS,4744,950,570
S01,C01,B02,1,5,200,30,MOUSEPOS,4769,950,570
S01,C01,B02,1,5,200,30,MOUSEPOS,4769,950,570
S01,C01,B02,1,5,200,30,MOUSEPOS,4769,950,570
S01,C01,B02,1,5,200,30,MOUSEPOS,4769,950,570
S01,C01,B02,1,5,200,30,MOUSEPOS,4769,950,570
S01,C01,B02,1,5,200,30,MOUSEPOS,4769,950,570
S01,C01,B02,1,5,200,30,MOUSEPOS,4834,950,567
S01,C01,B02,1,5,200,30,MOUSEPOS,4849,947,563
S01,C01,B02,1,5,200,30,MOUSEPOS,4861,942,558
S01,C01,B02,1,5,200,30,MOUSEPOS,4872,936,552
S01,C01,B02,1,5,200,30,MOUSEPOS,4884,928,545
S01,C01,B02,1,5,200,30,MOUSEPOS,4895,917,537
S01,C01,B02,1,5,200,30,MOUSEPOS,4906,908,528
S01,C01,B02,1,5,200,30,MOUSEPOS,4917,899,519
S01,C01,B02,1,5,200,30,MOUSEPOS,4928,892,511
S01,C01,B02,1,5,200,30,MOUSEPOS,4939,888,506
S01,C01,B02,1,5,200,30,MOUSEPOS,4950,884,501
S01,C01,B02,1,5,200,30,MOUSEPOS,4961,884,499
S01,C01,B02,1,5,200,30,MOUSEPOS,4970,883,498
S01,C01,B02,1,5,200,30,MOUSEPOS,4979,883,497
S01,C01,B02,1,5,200,30,MOUSEPOS,4991,882,495
S01,C01,B02,1,5,200,30,MOUSEPOS,5005,882,495
S01,C01,B02,1,5,200,30,MOUSEPOS,5005,882,495
S01,C01,B02,1,5,200,30,MOUSEPOS,5005,882,495
S01,C01,B02,1,5,200,30,MOUSEPOS,5005,882,495
S01,C01,B02,1,5,200,30,MOUSEPOS,5005,882,495
S01,C01,B02,1,5,200,30,MOUSEPOS,5064,884,498
S01,C01,B02,1,5,200,30,MOUSEPOS,5076,887,503
S01,C01,B02,1,5,200,30,MOUSEPOS,5086,890,507
S01,C01,B02,1,5,200,30,MOUSEPOS,5098,896,514
S01,C01,B02,1,5,200,30,MOUSEPOS,5110,902,522
S01,C01,B02,1,5,200,30,MOUSEPOS,5122,905,527
S01,C01,B02,1,5,200,30,MOUSEPOS,5134,907,531
S01,C01,B02,1,5,200,30,MOUSEPOS,5145,910,534
S01,C01,B02,1,5,200,30,MOUSEPOS,5157,913,539
S01,C01,B02,1,5,200,30,MOUSEPOS,5166,915,542
S01,C01,B02,1,5,200,30,MOUSEPOS,5181,918,547
S01,C01,B02,1,5,200,30,MOUSEPOS,5192,920,549
S01,C01,B02,1,5,200,30,MOUSEPOS,5192,920,549
S01,C01,B02,1,5,200,30,MOUSEPOS,5192,920,549
S01,C01,B02,1,5,200,30,MOUSEPOS,5192,920,549
S01,C01,B02,1,5,200,30,MOUSEPOS,5229,920,549
S01,C01,B02,1,5,200,30,MOUSEPOS,5229,920,549
S01,C01,B02,1,5,200,30,MOUSEPOS,5229,920,549
S01,C01,B02,1,5,200,30,MOUSEPOS,5229,920,549
S01,C01,B02,1,5,200,30,MOUSEPOS,5229,920,549
S01,C01,B02,1,5,200,30,MOUSEPOS,5229,920,549
S01,C01,B02,1,5,200,30,MOUSEPOS,5300,920,546
S01,C01,B02,1,5,200,30,MOUSEPOS,5314,920,540
S01,C01,B02,1,5,200,30,MOUSEPOS,5326,918,534
S01,C01,B02,1,5,200,30,MOUSEPOS,5336,917,527
S01,C01,B02,1,5,200,30,MOUSEPOS,5348,914,518
S01,C01,B02,1,5,200,30,MOUSEPOS,5360,910,510
S01,C01,B02,1,5,200,30,MOUSEPOS,5370,908,504
S01,C01,B02,1,5,200,30,MOUSEPOS,5381,906,498
S01,C01,B02,1,5,200,30,MOUSEPOS,5390,905,496
S01,C01,B02,1,5,200,30,MOUSEPOS,5403,905,494
S01,C01,B02,1,5,200,30,MOUSEPOS,5412,905,492
S01,C01,B02,1,5,200,30,MOUSEPOS,5412,905,492
S01,C01,B02,1,6,200,30,MOUSEPOS,5431,905,492
S01,C01,B02,1,6,200,30,MOUSEPOS,5431,905,492
S01,C01,B02,1,6,200,30,MOUSEPOS,5431,905,492
S01,C01,B02,1,6,200,30,MOUSEPOS,5431,905,492
S01,C01,B02,1,6,200,30,MOUSEPOS,5431,905,492
S01,C01,B02,1,6,200,30,MOUSEPOS,5431,905,492
S01,C01,B02,1,6,200,30,MOUSEPOS,5431,905,492
S01,C01,B02,1,6,200,30,MOUSEPOS,5431,905,492
S01,C01,B02,1,6,200,30,MOUSEPOS,5431,905,492
S01,C01,B02,1,6,200,30,MOUSEPOS,5431,905,492
S01,C01,B02,1,6,200,30,MOUSEPOS,5431,905,492
S01,C01,B02,1,6,200,30,MOUSEPOS,5431,905,492
S01,C01,B02,1,6,200,30,MOUSEPOS,5431,905,492
S01,C01,B02,1,6,200,30,MOUSEPOS,5569,905,492
S01,C01,B02,1,6,200,30,MOUSEPOS,5569,905,492
S01,C01,B02,1,6,200,30,MOUSEPOS,5569,905,492
S01,C01,B02,1,6,200,30,MOUSEPOS,5569,905,492
S01,C01,B02,1,6,200,30,MOUSEPOS,5622,905,493
S01,C01,B02,1,6,200,30,MOUSEPOS,5633,905,496
S01,C01,B02,1,6,200,30,MOUSEPOS,5645,908,504
S01,C01,B02,1,6,200,30,MOUSEPOS,5656,911,512
S01,C01,B02,1,6,200,30,MOUSEPOS,5668,914,521
S01,C01,B02,1,6,200,30,MOUSEPOS,5680,916,528
S01,C01,B02,1,6,200,30,MOUSEPOS,5690,917,532
S01,C01,B02,1,6,200,30,MOUSEPOS,5703,920,540
S01,C01,B02,1,6,200,30,MOUSEPOS,5712,921,544
S01,C01,B02,1,6,200,30,MOUSEPOS,5727,923,551
S01,C01,B02,1,6,200,30,MOUSEPOS,5737,925,555
S01,C01,B02,1,6,200,30,MOUSEPOS,5746,926,558
S01,C01,B02,1,6,200,30,MOUSEPOS,5758,927,561
S01,C01,B02,1,6,200,30,MOUSEPOS,5770,928,563
S01,C01,B02,1,6,200,30,MOUSEPOS,5776,928,564
S01,C01,B02,1,6,200,30,MOUSEPOS,5793,929,566
S01,C01,B02,1,6,200,30,MOUSEPOS,5803,929,567
S01,C01,B02,1,6,200,30,MOUSEPOS,5814,930,569
S01,C01,B02,1,6,200,30,MOUSEPOS,5820,931,570
S01,C01,B02,1,6,200,30,MOUSEPOS,5834,932,573
S01,C01,B02,1,6,200,30,MOUSEPOS,5848,934,576
S01,C01,B02,1,6,200,30,MOUSEPOS,5859,935,579
S01,C01,B02,1,6,200,30,MOUSEPOS,5867,936,581
S01,C01,B02,1,7,200,30,MOUSEPOS,5879,937,582
S01,C01,B02,1,7,200,30,MOUSEPOS,5887,938,582
S01,C01,B02,1,7,200,30,MOUSEPOS,5895,939,582
S01,C01,B02,1,7,200,30,MOUSEPOS,5895,939,582
S01,C01,B02,1,7,200,30,MOUSEPOS,5895,939,582
S01,C01,B02,1,7,200,30,MOUSEPOS,5895,939,582
S01,C01,B02,1,7,200,30,MOUSEPOS,5895,939,582
S01,C01,B02,1,7,200,30,MOUSEPOS,5895,939,582
S01,C01,B02,1,7,200,30,MOUSEPOS,5895,939,582
S01,C01,B02,1,7,200,30,MOUSEPOS,5895,939,582
S01,C01,B02,1,7,200,30,MOUSEPOS,5895,939,582
S01,C01,B02,1,7,200,30,MOUSEPOS,6003,939,581
S01,C01,B02,1,7,200,30,MOUSEPOS,6009,939,580
S01,C01,B02,1,7,200,30,MOUSEPOS,6009,939,580
S01,C01,B02,1,7,200,30,MOUSEPOS,6009,939,580
S01,C01,B02,1,7,200,30,MOUSEPOS,6042,939,579
S01,C01,B02,1,7,200,30,MOUSEPOS,6060,938,576
S01,C01,B02,1,7,200,30,MOUSEPOS,6073,938,570
S01,C01,B02,1,7,200,30,MOUSEPOS,6084,937,566
S01,C01,B02,1,7,200,30,MOUSEPOS,6095,935,560
S01,C01,B02,1,7,200,30,MOUSEPOS,6107,934,553
S01,C01,B02,1,7,200,30,MOUSEPOS,6119,932,547
S01,C01,B02,1,7,200,30,MOUSEPOS,6131,931,538
S01,C01,B02,1,7,200,30,MOUSEPOS,6141,930,534
S01,C01,B02,1,7,200,30,MOUSEPOS,6150,929,528
S01,C01,B02,1,7,200,30,MOUSEPOS,6162,928,524
S01,C01,B02,1,7,200,30,MOUSEPOS,6173,928,520
S01,C01,B02,1,7,200,30,MOUSEPOS,6187,927,518
S01,C01,B02,1,7,200,30,MOUSEPOS,6199,927,516
S01,C01,B02,1,7,200,30,MOUSEPOS,6199,927,516
S01,C01,B02,1,7,200,30,MOUSEPOS,6199,927,516
S01,C01,B02,1,7,200,30,MOUSEPOS,6199,927,516
S01,C01,B02,1,7,200,30,MOUSEPOS,6199,927,516
S01,C01,B02,1,7,200,30,MOUSEPOS,6199,927,516
S01,C01,B02,1,8,200,30,MOUSEPOS,6266,927,516
S01,C01,B02,1,8,200,30,MOUSEPOS,6266,927,516
S01,C01,B02,1,8,200,30,MOUSEPOS,6266,927,516
S01,C01,B02,1,8,200,30,MOUSEPOS,6266,927,516
S01,C01,B02,1,8,200,30,MOUSEPOS,6266,927,516
S01,C01,B02,1,8,200,30,MOUSEPOS,6266,927,516
S01,C01,B02,1,8,200,30,MOUSEPOS,6266,927,516
S01,C01,B02,1,8,200,30,MOUSEPOS,6266,927,516
S01,C01,B02,1,8,200,30,MOUSEPOS,6266,927,516
S01,C01,B02,1,8,200,30,MOUSEPOS,6266,927,516
S01,C01,B02,1,8,200,30,MOUSEPOS,6266,927,516
S01,C01,B02,1,8,200,30,MOUSEPOS,6395,927,516
S01,C01,B02,1,8,200,30,MOUSEPOS,6395,927,516
S01,C01,B02,1,8,200,30,MOUSEPOS,6395,927,516
S01,C01,B02,1,8,200,30,MOUSEPOS,6395,927,516
S01,C01,B02,1,8,200,30,MOUSEPOS,6432,927,517
S01,C01,B02,1,8,200,30,MOUSEPOS,6451,928,519
S01,C01,B02,1,8,200,30,MOUSEPOS,6460,929,523
S01,C01,B02,1,8,200,30,MOUSEPOS,6473,932,530
S01,C01,B02,1,8,200,30,MOUSEPOS,6483,933,538
S01,C01,B02,1,8,200,30,MOUSEPOS,6493,935,547
S01,C01,B02,1,8,200,30,MOUSEPOS,6503,938,556
S01,C01,B02,1,8,200,30,MOUSEPOS,6516,939,564
S01,C01,B02,1,8,200,30,MOUSEPOS,6523,940,569
S01,C01,B02,1,8,200,30,MOUSEPOS,6537,941,575
S01,C01,B02,1,8,200,30,MOUSEPOS,6546,942,578
S01,C01,B02,1,8,200,30,MOUSEPOS,6556,942,580
S01,C01,B02,1,8,200,30,MOUSEPOS,6565,943,581
S01,C01,B02,1,8,200,30,MOUSEPOS,6576,943,582
S01,C01,B02,1,8,200,30,MOUSEPOS,6576,943,582
S01,C01,B02,1,8,200,30,MOUSEPOS,6598,943,583
S01,C01,B02,1,8,200,30,MOUSEPOS,6598,943,583
S01,C01,B02,1,8,200,30,MOUSEPOS,6598,943,583
S01,C01,B02,1,8,200,30,MOUSEPOS,6598,943,583
S01,C01,B02,1,8,200,30,MOUSEPOS,6598,943,583
S01,C01,B02,1,9,200,30,MOUSEPOS,6653,943,583
S01,C01,B02,1,9,200,30,MOUSEPOS,6653,943,583
S01,C01,B02,1,9,200,30,MOUSEPOS,6653,943,583
S01,C01,B02,1,9,200,30,MOUSEPOS,6653,943,583
S01,C01,B02,1,9,200,30,MOUSEPOS,6653,943,583
S01,C01,B02,1,9,200,30,MOUSEPOS,6653,943,583
S01,C01,B02,1,9,200,30,MOUSEPOS,6653,943,583
S01,C01,B02,1,9,200,30,MOUSEPOS,6653,943,583
S01,C01,B02,1,9,200,30,MOUSEPOS,6653,943,583
S01,C01,B02,1,9,200,30,MOUSEPOS,6758,944,582
S01,C01,B02,1,9,200,30,MOUSEPOS,6770,944,582
S01,C01,B02,1,9,200,30,MOUSEPOS,6775,944,581
S01,C01,B02,1,9,200,30,MOUSEPOS,6786,944,580
S01,C01,B02,1,9,200,30,MOUSEPOS,6801,945,579
S01,C01,B02,1,9,200,30,MOUSEPOS,6815,945,576
S01,C01,B02,1,9,200,30,MOUSEPOS,6825,945,573
S01,C01,B02,1,9,200,30,MOUSEPOS,6838,945,567
S01,C01,B02,1,9,200,30,MOUSEPOS,6849,946,559
S01,C01,B02,1,9,200,30,MOUSEPOS,6859,946,552
S01,C01,B02,1,9,200,30,MOUSEPOS,6871,947,545
S01,C01,B02,1,9,200,30,MOUSEPOS,6883,947,536
S01,C01,B02,1,9,200,30,MOUSEPOS,6895,949,526
S01,C01,B02,1,9,200,30,MOUSEPOS,6904,950,520
S01,C01,B02,1,9,200,30,MOUSEPOS,6917,952,514
S01,C01,B02,1,9,200,30,MOUSEPOS,6923,953,511
S01,C01,B02,1,9,200,30,MOUSEPOS,6937,953,507
S01,C01,B02,1,9,200,30,MOUSEPOS,6951,953,504
S01,C01,B02,1,9,200,30,MOUSEPOS,6963,953,502
S01,C01,B02,1,9,200,30,MOUSEPOS,6966,953,501
S01,C01,B02,1,9,200,30,MOUSEPOS,6966,953,501
S01,C01,B02,1,10,200,30,MOUSEPOS,6997,953,500
S01,C01,B02,1,10,200,30,MOUSEPOS,6997,953,500
S01,C01,B02,1,10,200,30,MOUSEPOS,6997,953,500
S01,C01,B02,1,10,200,30,MOUSEPOS,6997,953,500
S01,C01,B02,1,10,200,30,MOUSEPOS,7036,954,500
S01,C01,B02,1,10,200,30,MOUSEPOS,7036,954,500
S01,C01,B02,1,10,200,30,MOUSEPOS,7056,955,500
S01,C01,B02,1,10,200,30,MOUSEPOS,7056,955,500
S01,C01,B02,1,10,200,30,MOUSEPOS,7056,955,500
S01,C01,B02,1,10,200,30,MOUSEPOS,7056,955,500
S01,C01,B02,1,10,200,30,MOUSEPOS,7056,955,500
S01,C01,B02,1,10,200,30,MOUSEPOS,7116,955,500
S01,C01,B02,1,10,200,30,MOUSEPOS,7116,955,500
S01,C01,B02,1,10,200,30,MOUSEPOS,7116,955,500
S01,C01,B02,1,10,200,30,MOUSEPOS,7149,956,501
S01,C01,B02,1,10,200,30,MOUSEPOS,7163,956,502
S01,C01,B02,1,10,200,30,MOUSEPOS,7175,956,506
S01,C01,B02,1,10,200,30,MOUSEPOS,7187,956,511
S01,C01,B02,1,10,200,30,MOUSEPOS,7199,956,520
S01,C01,B02,1,10,200,30,MOUSEPOS,7209,957,528
S01,C01,B02,1,10,200,30,MOUSEPOS,7219,957,535
S01,C01,B02,1,10,200,30,MOUSEPOS,7231,957,546
S01,C01,B02,1,10,200,30,MOUSEPOS,7243,957,556
S01,C01,B02,1,10,200,30,MOUSEPOS,7253,956,562
S01,C01,B02,1,10,200,30,MOUSEPOS,7265,956,570
S01,C01,B02,1,10,200,30,MOUSEPOS,7276,955,575
S01,C01,B02,1,10,200,30,MOUSEPOS,7286,954,577
S01,C01,B02,1,10,200,30,MOUSEPOS,7292,954,578
S01,C01,B02,1,10,200,30,MOUSEPOS,7292,954,578
S01,C01,B02,1,10,200,30,MOUSEPOS,7292,954,578
S01,C01,B02,1,10,200,30,MOUSEPOS,7292,954,578
S01,C01,B02,1,10,200,30,MOUSEPOS,7292,954,578
S01,C01,B02,1,10,200,30,MOUSEPOS,7292,954,578
S01,C01,B02,1,11,200,30,MOUSEPOS,7364,953,578
S01,C01,B02,1,11,200,30,MOUSEPOS,7364,953,578
S01,C01,B02,1,11,200,30,MOUSEPOS,7386,953,577
S01,C01,B02,1,11,200,30,MOUSEPOS,7386,953,577
S01,C01,B02,1,11,200,30,MOUSEPOS,7386,953,577
S01,C01,B02,1,11,200,30,MOUSEPOS,7386,953,577
S01,C01,B02,1,11,200,30,MOUSEPOS,7386,953,577
S01,C01,B02,1,11,200,30,MOUSEPOS,7386,953,577
S01,C01,B02,1,11,200,30,MOUSEPOS,7386,953,577
S01,C01,B02,1,11,200,30,MOUSEPOS,7386,953,577
S01,C01,B02,1,11,200,30,MOUSEPOS,7469,953,577
S01,C01,B02,1,11,200,30,MOUSEPOS,7484,953,576
S01,C01,B02,1,11,200,30,MOUSEPOS,7500,953,573
S01,C01,B02,1,11,200,30,MOUSEPOS,7511,954,570
S01,C01,B02,1,11,200,30,MOUSEPOS,7521,955,565
S01,C01,B02,1,11,200,30,MOUSEPOS,7530,956,561
S01,C01,B02,1,11,200,30,MOUSEPOS,7546,958,552
S01,C01,B02,1,11,200,30,MOUSEPOS,7556,959,546
S01,C01,B02,1,11,200,30,MOUSEPOS,7568,961,540
S01,C01,B02,1,11,200,30,MOUSEPOS,7580,964,533
S01,C01,B02,1,11,200,30,MOUSEPOS,7592,966,527
S01,C01,B02,1,11,200,30,MOUSEPOS,7604,968,521
S01,C01,B02,1,11,200,30,MOUSEPOS,7614,971,514
S01,C01,B02,1,11,200,30,MOUSEPOS,7628,973,508
S01,C01,B02,1,11,200,30,MOUSEPOS,7640,975,502
S01,C01,B02,1,11,200,30,MOUSEPOS,7653,977,500
S01,C01,B02,1,11,200,30,MOUSEPOS,7662,977,498
S01,C01,B02,1,11,200,30,MOUSEPOS,7670,978,498
S01,C01,B02,1,12,200,30,MOUSEPOS,7687,978,497
S01,C01,B02,1,12,200,30,MOUSEPOS,7687,978,497
S01,C01,B02,1,12,200,30,MOUSEPOS,7687,978,497
S01,C01,B02,1,12,200,30,MOUSEPOS,7687,978,497
S01,C01,B02,1,12,200,30,MOUSEPOS,7687,978,497
S01,C01,B02,1,12,200,30,MOUSEPOS,7687,978,497
S01,C01,B02,1,12,200,30,MOUSEPOS,7687,978,497
S01,C01,B02,1,12,200,30,MOUSEPOS,7687,978,497
S01,C01,B02,1,12,200,30,MOUSEPOS,7687,978,497
S01,C01,B02,1,12,200,30,MOUSEPOS,7687,978,497
S01,C01,B02,1,12,200,30,MOUSEPOS,7687,978,497
S01,C01,B02,1,12,200,30,MOUSEPOS,7809,978,497
S01,C01,B02,1,12,200,30,MOUSEPOS,7809,978,497
S01,C01,B02,1,12,200,30,MOUSEPOS,7809,978,497
S01,C01,B02,1,12,200,30,MOUSEPOS,7809,978,497
S01,C01,B02,1,12,200,30,MOUSEPOS,7809,978,497
S01,C01,B02,1,12,200,30,MOUSEPOS,7809,978,497
S01,C01,B02,1,12,200,30,MOUSEPOS,7809,978,497
S01,C01,B02,1,12,200,30,MOUSEPOS,7809,978,497
S01,C01,B02,1,12,200,30,MOUSEPOS,7809,978,497
S01,C01,B02,1,12,200,30,MOUSEPOS,7809,978,497
S01,C01,B02,1,13,200,30,MOUSEPOS,7919,978,498
S01,C01,B02,1,13,200,30,MOUSEPOS,7919,978,498
S01,C01,B02,1,13,200,30,MOUSEPOS,7919,978,498
S01,C01,B02,1,13,200,30,MOUSEPOS,7919,978,498
S01,C01,B02,1,13,200,30,MOUSEPOS,7963,979,498
S01,C01,B02,1,13,200,30,MOUSEPOS,7963,979,498
S01,C01,B02,1,13,200,30,MOUSEPOS,7963,979,498
S01,C01,B02,1,13,200,30,MOUSEPOS,7963,979,498
S01,C01,B02,1,13,200,30,MOUSEPOS,7963,979,498
S01,C01,B02,1,13,200,30,MOUSEPOS,7963,979,498
S01,C01,B02,1,13,200,30,MOUSEPOS,7963,979,498
S01,C01,B02,1,13,200,30,MOUSEPOS,8030,979,498
S01,C01,B02,1,13,200,30,MOUSEPOS,8030,979,498
S01,C01,B02,1,13,200,30,MOUSEPOS,8030,979,498
S01,C01,B02,1,13,200,30,MOUSEPOS,8030,979,498
S01,C01,B02,1,13,200,30,MOUSEPOS,8030,979,498
S01,C01,B02,1,13,200,30,MOUSEPOS,8030,979,498
S01,C01,B02,1,13,200,30,MOUSEPOS,8030,979,498
S01,C01,B02,1,13,200,30,MOUSEPOS,8030,979,498
S01,C01,B02,1,13,200,30,MOUSEPOS,8030,979,498
S01,C01,B02,1,13,200,30,MOUSEPOS,8030,979,498
S01,C01,B02,1,14,200,30,MOUSEPOS,8144,979,499
S01,C01,B02,1,14,200,30,MOUSEPOS,8144,979,499
S01,C01,B02,1,14,200,30,MOUSEPOS,8144,979,499
S01,C01,B02,1,14,200,30,MOUSEPOS,8172,979,500
S01,C01,B02,1,14,200,30,MOUSEPOS,8172,979,500
S01,C01,B02,1,14,200,30,MOUSEPOS,8172,979,500
S01,C01,B02,1,14,200,30,MOUSEPOS,8172,979,500
S01,C01,B02,1,14,200,30,MOUSEPOS,8172,979,500
S01,C01,B02,1,14,200,30,MOUSEPOS,8172,979,500
S01,C01,B02,1,14,200,30,MOUSEPOS,8242,979,500
S01,C01,B02,1,14,200,30,MOUSEPOS,8242,979,500
S01,C01,B02,1,14,200,30,MOUSEPOS,8242,979,500
S01,C01,B02,1,14,200,30,MOUSEPOS,8242,979,500
S01,C01,B02,1,14,200,30,MOUSEPOS,8242,979,500
S01,C01,B02,1,14,200,30,MOUSEPOS,8242,979,500
S01,C01,B02,1,14,200,30,MOUSEPOS,8242,979,500
S01,C01,B02,1,15,200,30,MOUSEPOS,8316,979,500
S01,C01,B02,1,15,200,30,MOUSEPOS,8316,979,500
S01,C01,B02,1,15,200,30,MOUSEPOS,8316,979,500
S01,C01,B02,1,15,200,30,MOUSEPOS,8316,979,500
S01,C01,B02,1,15,200,30,MOUSEPOS,8316,979,500
S01,C01,B02,1,15,200,30,MOUSEPOS,8316,979,500
S01,C01,B02,1,15,200,30,MOUSEPOS,8316,979,500
S01,C01,B02,1,15,200,30,MOUSEPOS,8399,979,500
S01,C01,B02,1,15,200,30,MOUSEPOS,8399,979,500
S01,C01,B02,1,15,200,30,MOUSEPOS,8399,979,500
S01,C01,B02,1,15,200,30,MOUSEPOS,8399,979,500
S01,C01,B02,1,15,200,30,MOUSEPOS,8399,979,500
S01,C01,B02,1,15,200,30,MOUSEPOS,8399,979,500
S01,C01,B02,1,15,200,30,MOUSEPOS,8399,979,500
S01,C01,B02,1,16,200,30,MOUSEPOS,8478,979,500
S01,C01,B02,2,1,200,40,MOUSEPOS,8478,979,500
S01,C01,B02,2,1,200,40,MOUSEPOS,8478,979,500
S01,C01,B02,2,1,200,40,MOUSEPOS,8478,979,500
S01,C01,B02,2,1,200,40,MOUSEPOS,8478,979,500
S01,C01,B02,2,1,200,40,MOUSEPOS,8478,979,500
S01,C01,B02,2,1,200,40,MOUSEPOS,8544,979,500
S01,C01,B02,2,1,200,40,MOUSEPOS,8544,979,500
S01,C01,B02,2,1,200,40,MOUSEPOS,8544,979,500
S01,C01,B02,2,1,200,40,MOUSEPOS,8544,979,500
S01,C01,B02,2,1,200,40,MOUSEPOS,8544,979,500
S01,C01,B02,2,1,200,40,MOUSEPOS,8544,979,500
S01,C01,B02,2,1,200,40,MOUSEPOS,8544,979,500
S01,C01,B02,2,1,200,40,MOUSEPOS,8544,979,500
S01,C01,B02,2,1,200,40,MOUSEPOS,8544,979,500
S01,C01,B02,2,1,200,40,MOUSEPOS,8636,979,500
S01,C01,B02,2,1,200,40,MOUSEPOS,8636,979,500
S01,C01,B02,2,1,200,40,MOUSEPOS,8636,979,500
S01,C01,B02,2,1,200,40,MOUSEPOS,8636,979,500
S01,C01,B02,2,1,200,40,MOUSEPOS,8636,979,500
S01,C01,B02,2,1,200,40,MOUSEPOS,8636,979,500
S01,C01,B02,2,1,200,40,MOUSEPOS,8710,979,500
S01,C01,B02,2,1,200,40,MOUSEPOS,8710,979,500
S01,C01,B02,2,1,200,40,MOUSEPOS,8710,979,500
S01,C01,B02,2,1,200,40,MOUSEPOS,8710,979,500
S01,C01,B02,2,1,200,40,MOUSEPOS,8710,979,500
S01,C01,B02,2,1,200,40,MOUSEPOS,8710,979,500
S01,C01,B02,2,1,200,40,MOUSEPOS,8777,979,500
S01,C01,B02,2,1,200,40,MOUSEPOS,8777,979,500
S01,C01,B02,2,1,200,40,MOUSEPOS,8777,979,500
S01,C01,B02,2,1,200,40,MOUSEPOS,8777,979,500
S01,C01,B02,2,1,200,40,MOUSEPOS,8777,979,500
S01,C01,B02,2,1,200,40,MOUSEPOS,8833,981,503
S01,C01,B02,2,1,200,40,MOUSEPOS,8844,984,507
S01,C01,B02,2,1,200,40,MOUSEPOS,8856,990,510
S01,C01,B02,2,1,200,40,MOUSEPOS,8864,995,512
S01,C01,B02,2,1,200,40,MOUSEPOS,8878,1005,515
S01,C01,B02,2,1,200,40,MOUSEPOS,8890,1018,516
S01,C01,B02,2,1,200,40,MOUSEPOS,8901,1033,518
S01,C01,B02,2,1,200,40,MOUSEPOS,8913,1049,519
S01,C01,B02,2,1,200,40,MOUSEPOS,8925,1073,520
S01,C01,B02,2,1,200,40,MOUSEPOS,8936,1094,522
S01,C01,B02,2,1,200,40,MOUSEPOS,8948,1118,522
S01,C01,B02,2,1,200,40,MOUSEPOS,8959,1138,523
S01,C01,B02,2,1,200,40,MOUSEPOS,8970,1155,524
S01,C01,B02,2,1,200,40,MOUSEPOS,8982,1171,524
S01,C01,B02,2,1,200,40,MOUSEPOS,8993,1181,525
S01,C01,B02,2,1,200,40,MOUSEPOS,9003,1186,525
S01,C01,B02,2,1,200,40,MOUSEPOS,9011,1189,525
S01,C01,B02,2,1,200,40,MOUSEPOS,9011,1189,525
S01,C01,B02,2,1,200,40,MOUSEPOS,9011,1189,525
S01,C01,B02,2,1,200,40,MOUSEPOS,9011,1189,525
S01,C01,B02,2,1,200,40,MOUSEPOS,9011,1189,525
S01,C01,B02,2,1,200,40,MOUSEPOS,9011,1189,525
S01,C01,B02,2,1,200,40,MOUSEPOS,9072,1189,525
S01,C01,B02,2,1,200,40,MOUSEPOS,9072,1189,525
S01,C01,B02,2,1,200,40,MOUSEPOS,9072,1189,525
S01,C01,B02,2,1,200,40,MOUSEPOS,9072,1189,525
S01,C01,B02,2,1,200,40,MOUSEPOS,9124,1189,525
S01,C01,B02,2,1,200,40,MOUSEPOS,9124,1189,525
S01,C01,B02,2,1,200,40,MOUSEPOS,9124,1189,525
S01,C01,B02,2,1,200,40,MOUSEPOS,9124,1189,525
S01,C01,B02,2,1,200,40,MOUSEPOS,9124,1189,525
S01,C01,B02,2,1,200,40,MOUSEPOS,9124,1189,525
S01,C01,B02,2,1,200,40,MOUSEPOS,9124,1189,525
S01,C01,B02,2,1,200,40,MOUSEPOS,9124,1189,525
S01,C01,B02,2,1,200,40,MOUSEPOS,9124,1189,525
S01,C01,B02,2,1,200,40,MOUSEPOS,9222,1189,526
S01,C01,B02,2,1,200,40,MOUSEPOS,9236,1187,526
S01,C01,B02,2,1,200,40,MOUSEPOS,9247,1185,527
S01,C01,B02,2,1,200,40,MOUSEPOS,9258,1182,528
S01,C01,B02,2,1,200,40,MOUSEPOS,9269,1179,530
S01,C01,B02,2,1,200,40,MOUSEPOS,9272,1178,531
S01,C01,B02,2,1,200,40,MOUSEPOS,9289,1175,533
S01,C01,B02,2,1,200,40,MOUSEPOS,9300,1174,534
S01,C01,B02,2,1,200,40,MOUSEPOS,9311,1172,535
S01,C01,B02,2,1,200,40,MOUSEPOS,9319,1172,536
S01,C01,B02,2,1,200,40,MOUSEPOS,9330,1172,537
S01,C01,B02,2,1,200,40,MOUSEPOS,9330,1172,537
S01,C01,B02,2,1,200,40,MOUSEPOS,9358,1172,537
S01,C01,B02,2,1,200,40,MOUSEPOS,9358,1172,537
S01,C01,B02,2,1,200,40,MOUSEPOS,9358,1172,537
S01,C01,B02,2,1,200,40,MOUSEPOS,9358,1172,537
S01,C01,B02,2,1,200,40,MOUSEPOS,9358,1172,537
S01,C01,B02,2,1,200,40,MOUSEPOS,9358,1172,537
S01,C01,B02,2,1,200,40,MOUSEPOS,9358,1172,537
S01,C01,B02,2,2,200,40,MOUSEPOS,9436,1172,537
S01,C01,B02,2,2,200,40,MOUSEPOS,9441,1171,537
S01,C01,B02,2,2,200,40,MOUSEPOS,9441,1171,537
S01,C01,B02,2,2,200,40,MOUSEPOS,9441,1171,537
S01,C01,B02,2,2,200,40,MOUSEPOS,9441,1171,537
S01,C01,B02,2,2,200,40,MOUSEPOS,9441,1171,537
S01,C01,B02,2,2,200,40,MOUSEPOS,9441,1171,537
S01,C01,B02,2,2,200,40,MOUSEPOS,9441,1171,537
S01,C01,B02,2,2,200,40,MOUSEPOS,9519,1171,537
S01,C01,B02,2,2,200,40,MOUSEPOS,9519,1171,537
S01,C01,B02,2,2,200,40,MOUSEPOS,9519,1171,537
S01,C01,B02,2,2,200,40,MOUSEPOS,9519,1171,537
S01,C01,B02,2,2,200,40,MOUSEPOS,9519,1171,537
S01,C01,B02,2,2,200,40,MOUSEPOS,9519,1171,537
S01,C01,B02,2,2,200,40,MOUSEPOS,9519,1171,537
S01,C01,B02,2,2,200,40,MOUSEPOS,9519,1171,537
S01,C01,B02,2,3,200,40,MOUSEPOS,9602,1171,537
S01,C01,B02,2,3,200,40,MOUSEPOS,9602,1171,537
S01,C01,B02,2,3,200,40,MOUSEPOS,9602,1171,537
S01,C01,B02,2,3,200,40,MOUSEPOS,9602,1171,537
S01,C01,B02,2,3,200,40,MOUSEPOS,9602,1171,537
S01,C01,B02,2,3,200,40,MOUSEPOS,9602,1171,537
S01,C01,B02,2,3,200,40,MOUSEPOS,9669,1171,537
S01,C01,B02,2,3,200,40,MOUSEPOS,9669,1171,537
S01,C01,B02,2,3,200,40,MOUSEPOS,9669,1171,537
S01,C01,B02,2,3,200,40,MOUSEPOS,9669,1171,537
S01,C01,B02,2,3,200,40,MOUSEPOS,9669,1171,537
S01,C01,B02,2,3,200,40,MOUSEPOS,9669,1171,537
S01,C01,B02,2,3,200,40,MOUSEPOS,9669,1171,537
S01,C01,B02,2,4,200,40,MOUSEPOS,9753,1171,537
S01,C01,B02,2,4,200,40,MOUSEPOS,9753,1171,537
S01,C01,B02,2,4,200,40,MOUSEPOS,9753,1171,537
S01,C01,B02,2,4,200,40,MOUSEPOS,9753,1171,537
S01,C01,B02,2,4,200,40,MOUSEPOS,9753,1171,537
S01,C01,B02,2,4,200,40,MOUSEPOS,9753,1171,537
S01,C01,B02,2,4,200,40,MOUSEPOS,9753,1171,537
S01,C01,B02,2,4,200,40,MOUSEPOS,9827,1171,537
S01,C01,B02,2,4,200,40,MOUSEPOS,9827,1171,537
S01,C01,B02,2,4,200,40,MOUSEPOS,9827,1171,537
S01,C01,B02,2,4,200,40,MOUSEPOS,9827,1171,537
S01,C01,B02,2,4,200,40,MOUSEPOS,9827,1171,537
S01,C01,B02,2,4,200,40,MOUSEPOS,9827,1171,537
S01,C01,B02,2,4,200,40,MOUSEPOS,9827,1171,537
S01,C01,B02,2,4,200,40,MOUSEPOS,9827,1171,537
S01,C01,B02,2,5,200,40,MOUSEPOS,9917,1171,537
S01,C01,B02,2,5,200,40,MOUSEPOS,9917,1171,537
S01,C01,B02,2,5,200,40,MOUSEPOS,9917,1171,537
S01,C01,B02,2,5,200,40,MOUSEPOS,9917,1171,537
S01,C01,B02,2,5,200,40,MOUSEPOS,9917,1171,537
S01,C01,B02,2,5,200,40,MOUSEPOS,9917,1171,537
S01,C01,B02,2,5,200,40,MOUSEPOS,9917,1171,537
S01,C01,B02,2,5,200,40,MOUSEPOS,9994,1171,537
S01,C01,B02,2,5,200,40,MOUSEPOS,9994,1171,537
S01,C01,B02,2,5,200,40,MOUSEPOS,9994,1171,537
S01,C01,B02,2,5,200,40,MOUSEPOS,9994,1171,537
S01,C01,B02,2,5,200,40,MOUSEPOS,9994,1171,537
S01,C01,B02,2,5,200,40,MOUSEPOS,9994,1171,537
S01,C01,B02,2,5,200,40,MOUSEPOS,9994,1171,537
S01,C01,B02,2,5,200,40,MOUSEPOS,9994,1171,537
S01,C01,B02,2,5,200,40,MOUSEPOS,9994,1171,537
S01,C01,B02,2,6,200,40,MOUSEPOS,10087,1171,537
S01,C01,B02,2,6,200,40,MOUSEPOS,10087,1171,537
S01,C01,B02,2,6,200,40,MOUSEPOS,10087,1171,537
S01,C01,B02,2,6,200,40,MOUSEPOS,10087,1171,537
S01,C01,B02,2,6,200,40,MOUSEPOS,10087,1171,537
S01,C01,B02,2,6,200,40,MOUSEPOS,10087,1171,537
S01,C01,B02,2,6,200,40,MOUSEPOS,10156,1171,537
S01,C01,B02,2,6,200,40,MOUSEPOS,10156,1171,537
S01,C01,B02,2,6,200,40,MOUSEPOS,10156,1171,537
S01,C01,B02,2,6,200,40,MOUSEPOS,10156,1171,537
S01,C01,B02,2,6,200,40,MOUSEPOS,10156,1171,537
S01,C01,B02,2,6,200,40,MOUSEPOS,10156,1171,537
S01,C01,B02,2,6,200,40,MOUSEPOS,10156,1171,537
S01,C01,B02,2,6,200,40,MOUSEPOS,10156,1171,537
S01,C01,B02,2,6,200,40,MOUSEPOS,10156,1171,537
S01,C01,B02,2,7,200,40,MOUSEPOS,10253,1171,537
S01,C01,B02,2,7,200,40,MOUSEPOS,10253,1171,537
S01,C01,B02,2,7,200,40,MOUSEPOS,10253,1171,537
S01,C01,B02,2,7,200,40,MOUSEPOS,10253,1171,537
S01,C01,B02,2,7,200,40,MOUSEPOS,10253,1171,537
S01,C01,B02,2,7,200,40,MOUSEPOS,10253,1171,537
S01,C01,B02,2,7,200,40,MOUSEPOS,10313,1171,537
S01,C01,B02,2,7,200,40,MOUSEPOS,10313,1171,537
S01,C01,B02,2,7,200,40,MOUSEPOS,10313,1171,537
S01,C01,B02,2,7,200,40,MOUSEPOS,10313,1171,537
S01,C01,B02,2,7,200,40,MOUSEPOS,10313,1171,537
S01,C01,B02,2,7,200,40,MOUSEPOS,10313,1171,537
S01,C01,B02,2,7,200,40,MOUSEPOS,10313,1171,537
S01,C01,B02,2,7,200,40,MOUSEPOS,10313,1171,537
S01,C01,B02,2,8,200,40,MOUSEPOS,10405,1171,537
S01,C01,B02,2,8,200,40,MOUSEPOS,10405,1171,537
S01,C01,B02,2,8,200,40,MOUSEPOS,10405,1171,537
S01,C01,B02,2,8,200,40,MOUSEPOS,10405,1171,537
S01,C01,B02,2,8,200,40,MOUSEPOS,10405,1171,537
S01,C01,B02,2,8,200,40,MOUSEPOS,10405,1171,537
S01,C01,B02,2,8,200,40,MOUSEPOS,10477,1171,537
S01,C01,B02,2,8,200,40,MOUSEPOS,10477,1171,537
S01,C01,B02,2,8,200,40,MOUSEPOS,10477,1171,537
S01,C01,B02,2,8,200,40,MOUSEPOS,10477,1171,537
S01,C01,B02,2,8,200,40,MOUSEPOS,10477,1171,537
S01,C01,B02,2,8,200,40,MOUSEPOS,10477,1171,537
S01,C01,B02,2,8,200,40,MOUSEPOS,10477,1171,537
S01,C01,B02,2,8,200,40,MOUSEPOS,10477,1171,537
S01,C01,B02,2,8,200,40,MOUSEPOS,10477,1171,537
S01,C01,B02,2,9,200,40,MOUSEPOS,10573,1171,537
S01,C01,B02,2,9,200,40,MOUSEPOS,10573,1171,537
S01,C01,B02,2,9,200,40,MOUSEPOS,10573,1171,537
S01,C01,B02,2,9,200,40,MOUSEPOS,10573,1171,537
S01,C01,B02,2,9,200,40,MOUSEPOS,10573,1171,537
S01,C01,B02,2,9,200,40,MOUSEPOS,10573,1171,537
S01,C01,B02,2,9,200,40,MOUSEPOS,10639,1171,537
S01,C01,B02,2,9,200,40,MOUSEPOS,10639,1171,537
S01,C01,B02,2,9,200,40,MOUSEPOS,10639,1171,537
S01,C01,B02,2,9,200,40,MOUSEPOS,10639,1171,537
S01,C01,B02,2,9,200,40,MOUSEPOS,10639,1171,537
S01,C01,B02,2,9,200,40,MOUSEPOS,10639,1171,537
S01,C01,B02,2,9,200,40,MOUSEPOS,10639,1171,537
S01,C01,B02,2,9,200,40,MOUSEPOS,10639,1171,537
S01,C01,B02,2,9,200,40,MOUSEPOS,10639,1171,537
S01,C01,B02,2,10,200,40,MOUSEPOS,10736,1171,537
S01,C01,B02,2,10,200,40,MOUSEPOS,10736,1171,537
S01,C01,B02,2,10,200,40,MOUSEPOS,10736,1171,537
S01,C01,B02,2,10,200,40,MOUSEPOS,10736,1171,537
S01,C01,B02,2,10,200,40,MOUSEPOS,10736,1171,537
S01,C01,B02,2,10,200,40,MOUSEPOS,10736,1171,537
S01,C01,B02,2,10,200,40,MOUSEPOS,10736,1171,537
S01,C01,B02,2,10,200,40,MOUSEPOS,10816,1171,537
S01,C01,B02,2,10,200,40,MOUSEPOS,10816,1171,537
S01,C01,B02,2,10,200,40,MOUSEPOS,10816,1171,537
S01,C01,B02,2,10,200,40,MOUSEPOS,10816,1171,537
S01,C01,B02,2,10,200,40,MOUSEPOS,10816,1171,537
S01,C01,B02,2,10,200,40,MOUSEPOS,10816,1171,537
S01,C01,B02,2,10,200,40,MOUSEPOS,10816,1171,537
S01,C01,B02,2,10,200,40,MOUSEPOS,10816,1171,537
S01,C01,B02,2,11,200,40,MOUSEPOS,10903,1171,537
S01,C01,B02,2,11,200,40,MOUSEPOS,10903,1171,537
S01,C01,B02,2,11,200,40,MOUSEPOS,10903,1171,537
S01,C01,B02,2,11,200,40,MOUSEPOS,10903,1171,537
S01,C01,B02,2,11,200,40,MOUSEPOS,10903,1171,537
S01,C01,B02,2,11,200,40,MOUSEPOS,10903,1171,537
S01,C01,B02,2,11,200,40,MOUSEPOS,10903,1171,537
S01,C01,B02,2,11,200,40,MOUSEPOS,10980,1171,537
S01,C01,B02,2,11,200,40,MOUSEPOS,10980,1171,537
S01,C01,B02,2,11,200,40,MOUSEPOS,10980,1171,537
S01,C01,B02,2,11,200,40,MOUSEPOS,10980,1171,537
S01,C01,B02,2,11,200,40,MOUSEPOS,10980,1171,537
S01,C01,B02,2,11,200,40,MOUSEPOS,10980,1171,537
S01,C01,B02,2,11,200,40,MOUSEPOS,10980,1171,537
S01,C01,B02,2,11,200,40,MOUSEPOS,10980,1171,537
S01,C01,B02,2,12,200,40,MOUSEPOS,11069,1171,537
S01,C01,B02,2,12,200,40,MOUSEPOS,11069,1171,537
S01,C01,B02,2,12,200,40,MOUSEPOS,11069,1171,537
S01,C01,B02,2,12,200,40,MOUSEPOS,11069,1171,537
S01,C01,B02,2,12,200,40,MOUSEPOS,11069,1171,537
S01,C01,B02,2,12,200,40,MOUSEPOS,11069,1171,537
S01,C01,B02,2,12,200,40,MOUSEPOS,11144,1171,537
S01,C01,B02,2,12,200,40,MOUSEPOS,11144,1171,537
S01,C01,B02,2,12,200,40,MOUSEPOS,11144,1171,537
S01,C01,B02,2,12,200,40,MOUSEPOS,11144,1171,537
S01,C01,B02,2,12,200,40,MOUSEPOS,11144,1171,537
S01,C01,B02,2,12,200,40,MOUSEPOS,11144,1171,537
S01,C01,B02,2,12,200,40,MOUSEPOS,11144,1171,537
S01,C01,B02,2,12,200,40,MOUSEPOS,11144,1171,537
S01,C01,B02,2,13,200,40,MOUSEPOS,11232,1171,537
S01,C01,B02,2,13,200,40,MOUSEPOS,11232,1171,537
S01,C01,B02,2,13,200,40,MOUSEPOS,11232,1171,537
S01,C01,B02,2,13,200,40,MOUSEPOS,11232,1171,537
S01,C01,B02,2,13,200,40,MOUSEPOS,11232,1171,537
S01,C01,B02,2,13,200,40,MOUSEPOS,11232,1171,537
S01,C01,B02,2,13,200,40,MOUSEPOS,11232,1171,537
S01,C01,B02,2,13,200,40,MOUSEPOS,11232,1171,537
S01,C01,B02,2,13,200,40,MOUSEPOS,11322,1171,537
S01,C01,B02,2,13,200,40,MOUSEPOS,11322,1171,537
S01,C01,B02,2,13,200,40,MOUSEPOS,11322,1171,537
S01,C01,B02,2,13,200,40,MOUSEPOS,11322,1171,537
S01,C01,B02,2,13,200,40,MOUSEPOS,11322,1171,537
S01,C01,B02,2,13,200,40,MOUSEPOS,11322,1171,537
S01,C01,B02,2,13,200,40,MOUSEPOS,11322,1171,537
S01,C01,B02,2,13,200,40,MOUSEPOS,11322,1171,537
S01,C01,B02,2,14,200,40,MOUSEPOS,11411,1171,537
S01,C01,B02,2,14,200,40,MOUSEPOS,11411,1171,537
S01,C01,B02,2,14,200,40,MOUSEPOS,11411,1171,537
S01,C01,B02,2,14,200,40,MOUSEPOS,11411,1171,537
S01,C01,B02,2,14,200,40,MOUSEPOS,11411,1171,537
S01,C01,B02,2,14,200,40,MOUSEPOS,11411,1171,537
S01,C01,B02,2,14,200,40,MOUSEPOS,11411,1171,537
S01,C01,B02,2,14,200,40,MOUSEPOS,11411,1171,537
S01,C01,B02,2,14,200,40,MOUSEPOS,11496,1171,537
S01,C01,B02,2,14,200,40,MOUSEPOS,11496,1171,537
S01,C01,B02,2,14,200,40,MOUSEPOS,11496,1171,537
S01,C01,B02,2,14,200,40,MOUSEPOS,11496,1171,537
S01,C01,B02,2,14,200,40,MOUSEPOS,11496,1171,537
S01,C01,B02,2,14,200,40,MOUSEPOS,11496,1171,537
S01,C01,B02,2,14,200,40,MOUSEPOS,11496,1171,537
S01,C01,B02,2,14,200,40,MOUSEPOS,11496,1171,537
S01,C01,B02,2,14,200,40,MOUSEPOS,11496,1171,537
S01,C01,B02,2,15,200,40,MOUSEPOS,11592,1171,537
S01,C01,B02,2,15,200,40,MOUSEPOS,11592,1171,537
S01,C01,B02,2,15,200,40,MOUSEPOS,11592,1171,537
S01,C01,B02,2,15,200,40,MOUSEPOS,11592,1171,537
S01,C01,B02,2,15,200,40,MOUSEPOS,11592,1171,537
S01,C01,B02,2,15,200,40,MOUSEPOS,11592,1171,537
S01,C01,B02,2,15,200,40,MOUSEPOS,11666,1171,537
S01,C01,B02,2,15,200,40,MOUSEPOS,11666,1171,537
S01,C01,B02,2,15,200,40,MOUSEPOS,11666,1171,537
S01,C01,B02,2,15,200,40,MOUSEPOS,11666,1171,537
S01,C01,B02,2,15,200,40,MOUSEPOS,11666,1171,537
S01,C01,B02,2,15,200,40,MOUSEPOS,11666,1171,537
S01,C01,B02,2,15,200,40,MOUSEPOS,11666,1171,537
S01,C01,B02,2,15,200,40,MOUSEPOS,11666,1171,537
S01,C01,B02,2,15,200,40,MOUSEPOS,11666,1171,537
S01,C01,B02,2,16,200,40,MOUSEPOS,11765,1171,537
S01,C01,B02,3,1,400,30,MOUSEPOS,11765,1171,537
S01,C01,B02,3,1,400,30,MOUSEPOS,11765,1171,537
S01,C01,B02,3,1,400,30,MOUSEPOS,11765,1171,537
S01,C01,B02,3,1,400,30,MOUSEPOS,11765,1171,537
S01,C01,B02,3,1,400,30,MOUSEPOS,11765,1171,537
S01,C01,B02,3,1,400,30,MOUSEPOS,11765,1171,537
S01,C01,B02,3,1,400,30,MOUSEPOS,11841,1171,537
S01,C01,B02,3,1,400,30,MOUSEPOS,11841,1171,537
S01,C01,B02,3,1,400,30,MOUSEPOS,11841,1171,537
S01,C01,B02,3,1,400,30,MOUSEPOS,11841,1171,537
S01,C01,B02,3,1,400,30,MOUSEPOS,11841,1171,537
S01,C01,B02,3,1,400,30,MOUSEPOS,11841,1171,537
S01,C01,B02,3,1,400,30,MOUSEPOS,11841,1171,537
S01,C01,B02,3,1,400,30,MOUSEPOS,11841,1171,537
S01,C01,B02,3,1,400,30,MOUSEPOS,11841,1171,537
S01,C01,B02,3,1,400,30,MOUSEPOS,11936,1171,537
S01,C01,B02,3,1,400,30,MOUSEPOS,11936,1171,537
S01,C01,B02,3,1,400,30,MOUSEPOS,11936,1171,537
S01,C01,B02,3,1,400,30,MOUSEPOS,11936,1171,537
S01,C01,B02,3,1,400,30,MOUSEPOS,11936,1171,537
S01,C01,B02,3,1,400,30,MOUSEPOS,11936,1171,537
S01,C01,B02,3,1,400,30,MOUSEPOS,11936,1171,537
S01,C01,B02,3,1,400,30,MOUSEPOS,11936,1171,537
S01,C01,B02,3,1,400,30,MOUSEPOS,11936,1171,537
S01,C01,B02,3,1,400,30,MOUSEPOS,11936,1171,537
S01,C01,B02,3,1,400,30,MOUSEPOS,11936,1171,537
S01,C01,B02,3,1,400,30,MOUSEPOS,11936,1171,537
S01,C01,B02,3,1,400,30,MOUSEPOS,11936,1171,537
S01,C01,B02,3,1,400,30,MOUSEPOS,11936,1171,537
S01,C01,B02,3,1,400,30,MOUSEPOS,11936,1171,537
S01,C01,B02,3,1,400,30,MOUSEPOS,11936,1171,537
S01,C01,B02,3,1,400,30,MOUSEPOS,12116,1172,537
S01,C01,B02,3,1,400,30,MOUSEPOS,12131,1173,537
S01,C01,B02,3,1,400,30,MOUSEPOS,12143,1177,537
S01,C01,B02,3,1,400,30,MOUSEPOS,12154,1182,537
S01,C01,B02,3,1,400,30,MOUSEPOS,12166,1190,537
S01,C01,B02,3,1,400,30,MOUSEPOS,12178,1200,537
S01,C01,B02,3,1,400,30,MOUSEPOS,12189,1211,535
S01,C01,B02,3,1,400,30,MOUSEPOS,12201,1223,534
S01,C01,B02,3,1,400,30,MOUSEPOS,12212,1238,534
S01,C01,B02,3,1,400,30,MOUSEPOS,12224,1256,533
S01,C01,B02,3,1,400,30,MOUSEPOS,12236,1274,533
S01,C01,B02,3,1,400,30,MOUSEPOS,12247,1290,533
S01,C01,B02,3,1,400,30,MOUSEPOS,12259,1305,533
S01,C01,B02,3,1,400,30,MOUSEPOS,12269,1315,533
S01,C01,B02,3,1,400,30,MOUSEPOS,12280,1322,533
S01,C01,B02,3,1,400,30,MOUSEPOS,12289,1325,533
S01,C01,B02,3,1,400,30,MOUSEPOS,12303,1326,533
S01,C01,B02,3,1,400,30,MOUSEPOS,12303,1326,533
S01,C01,B02,3,1,400,30,MOUSEPOS,12303,1326,533
S01,C01,B02,3,1,400,30,MOUSEPOS,12303,1326,533
S01,C01,B02,3,1,400,30,MOUSEPOS,12303,1326,533
S01,C01,B02,3,1,400,30,MOUSEPOS,12303,1326,533
S01,C01,B02,3,1,400,30,MOUSEPOS,12303,1326,533
S01,C01,B02,3,1,400,30,MOUSEPOS,12303,1326,533
S01,C01,B02,3,1,400,30,MOUSEPOS,12303,1326,533
S01,C01,B02,3,1,400,30,MOUSEPOS,12303,1326,533
S01,C01,B02,3,1,400,30,MOUSEPOS,12303,1326,533
S01,C01,B02,3,1,400,30,MOUSEPOS,12303,1326,533
S01,C01,B02,3,1,400,30,MOUSEPOS,12303,1326,533
S01,C01,B02,3,1,400,30,MOUSEPOS,12303,1326,533
S01,C01,B02,3,1,400,30,MOUSEPOS,12303,1326,533
S01,C01,B02,3,1,400,30,MOUSEPOS,12459,1327,533
S01,C01,B02,3,1,400,30,MOUSEPOS,12477,1328,534
S01,C01,B02,3,1,400,30,MOUSEPOS,12486,1329,534
S01,C01,B02,3,1,400,30,MOUSEPOS,12494,1331,534
S01,C01,B02,3,1,400,30,MOUSEPOS,12494,1331,534
S01,C01,B02,3,1,400,30,MOUSEPOS,12516,1333,534
S01,C01,B02,3,1,400,30,MOUSEPOS,12516,1333,534
S01,C01,B02,3,1,400,30,MOUSEPOS,12516,1333,534
S01,C01,B02,3,1,400,30,MOUSEPOS,12516,1333,534
S01,C01,B02,3,1,400,30,MOUSEPOS,12516,1333,534
S01,C01,B02,3,1,400,30,MOUSEPOS,12516,1333,534
S01,C01,B02,3,1,400,30,MOUSEPOS,12516,1333,534
S01,C01,B02,3,1,400,30,MOUSEPOS,12516,1333,534
S01,C01,B02,3,1,400,30,MOUSEPOS,12603,1333,534
S01,C01,B02,3,1,400,30,MOUSEPOS,12603,1333,534
S01,C01,B02,3,1,400,30,MOUSEPOS,12603,1333,534
S01,C01,B02,3,1,400,30,MOUSEPOS,12603,1333,534
S01,C01,B02,3,1,400,30,MOUSEPOS,12603,1333,534
S01,C01,B02,3,1,400,30,MOUSEPOS,12603,1333,534
S01,C01,B02,3,1,400,30,MOUSEPOS,12679,1333,534
S01,C01,B02,3,1,400,30,MOUSEPOS,12679,1333,534
S01,C01,B02,3,1,400,30,MOUSEPOS,12693,1334,534
S01,C01,B02,3,1,400,30,MOUSEPOS,12711,1335,534
S01,C01,B02,3,1,400,30,MOUSEPOS,12722,1337,535
S01,C01,B02,3,1,400,30,MOUSEPOS,12733,1338,536
S01,C01,B02,3,1,400,30,MOUSEPOS,12744,1340,536
S01,C01,B02,3,1,400,30,MOUSEPOS,12753,1341,537
S01,C01,B02,3,1,400,30,MOUSEPOS,12764,1342,537
S01,C01,B02,3,1,400,30,MOUSEPOS,12769,1343,537
S01,C01,B02,3,1,400,30,MOUSEPOS,12789,1346,538
S01,C01,B02,3,1,400,30,MOUSEPOS,12800,1350,540
S01,C01,B02,3,1,400,30,MOUSEPOS,12811,1353,540
S01,C01,B02,3,1,400,30,MOUSEPOS,12822,1356,542
S01,C01,B02,3,1,400,30,MOUSEPOS,12828,1357,542
S01,C01,B02,3,1,400,30,MOUSEPOS,12844,1358,543
S01,C01,B02,3,1,400,30,MOUSEPOS,12844,1358,543
S01,C01,B02,3,1,400,30,MOUSEPOS,12844,1358,543
S01,C01,B02,3,1,400,30,MOUSEPOS,12844,1358,543
S01,C01,B02,3,1,400,30,MOUSEPOS,12844,1358,543
S01,C01,B02,3,1,400,30,MOUSEPOS,12844,1358,543
S01,C01,B02,3,1,400,30,MOUSEPOS,12844,1358,543
S01,C01,B02,3,2,400,30,MOUSEPOS,12913,1358,543
S01,C01,B02,3,2,400,30,MOUSEPOS,12913,1358,543
S01,C01,B02,3,2,400,30,MOUSEPOS,12913,1358,543
S01,C01,B02,3,2,400,30,MOUSEPOS,12913,1358,543
S01,C01,B02,3,2,400,30,MOUSEPOS,12913,1358,543
S01,C01,B02,3,2,400,30,MOUSEPOS,12913,1358,543
S01,C01,B02,3,2,400,30,MOUSEPOS,12913,1358,543
S01,C01,B02,3,2,400,30,MOUSEPOS,12913,1358,543
S01,C01,B02,3,2,400,30,MOUSEPOS,12913,1358,543
S01,C01,B02,3,2,400,30,MOUSEPOS,13016,1358,543
S01,C01,B02,3,2,400,30,MOUSEPOS,13016,1358,543
S01,C01,B02,3,2,400,30,MOUSEPOS,13016,1358,543
S01,C01,B02,3,2,400,30,MOUSEPOS,13016,1358,543
S01,C01,B02,3,2,400,30,MOUSEPOS,13016,1358,543
S01,C01,B02,3,2,400,30,MOUSEPOS,13016,1358,543
S01,C01,B02,3,2,400,30,MOUSEPOS,13016,1358,543
S01,C01,B02,3,3,400,30,MOUSEPOS,13091,1358,543
S01,C01,B02,3,3,400,30,MOUSEPOS,13091,1358,543
S01,C01,B02,3,3,400,30,MOUSEPOS,13091,1358,543
S01,C01,B02,3,3,400,30,MOUSEPOS,13091,1358,543
S01,C01,B02,3,3,400,30,MOUSEPOS,13091,1358,543
S01,C01,B02,3,3,400,30,MOUSEPOS,13091,1358,543
S01,C01,B02,3,3,400,30,MOUSEPOS,13091,1358,543
S01,C01,B02,3,3,400,30,MOUSEPOS,13091,1358,543
S01,C01,B02,3,3,400,30,MOUSEPOS,13175,1358,543
S01,C01,B02,3,3,400,30,MOUSEPOS,13175,1358,543
S01,C01,B02,3,3,400,30,MOUSEPOS,13175,1358,543
S01,C01,B02,3,3,400,30,MOUSEPOS,13175,1358,543
S01,C01,B02,3,3,400,30,MOUSEPOS,13175,1358,543
S01,C01,B02,3,3,400,30,MOUSEPOS,13175,1358,543
S01,C01,B02,3,3,400,30,MOUSEPOS,13175,1358,543
S01,C01,B02,3,4,400,30,MOUSEPOS,13254,1358,543
S01,C01,B02,3,4,400,30,MOUSEPOS,13254,1358,543
S01,C01,B02,3,4,400,30,MOUSEPOS,13254,1358,543
S01,C01,B02,3,4,400,30,MOUSEPOS,13254,1358,543
S01,C01,B02,3,4,400,30,MOUSEPOS,13254,1358,543
S01,C01,B02,3,4,400,30,MOUSEPOS,13254,1358,543
S01,C01,B02,3,4,400,30,MOUSEPOS,13254,1358,543
S01,C01,B02,3,4,400,30,MOUSEPOS,13254,1358,543
S01,C01,B02,3,4,400,30,MOUSEPOS,13254,1358,543
S01,C01,B02,3,4,400,30,MOUSEPOS,13343,1358,543
S01,C01,B02,3,4,400,30,MOUSEPOS,13343,1358,543
S01,C01,B02,3,4,400,30,MOUSEPOS,13343,1358,543
S01,C01,B02,3,4,400,30,MOUSEPOS,13343,1358,543
S01,C01,B02,3,4,400,30,MOUSEPOS,13343,1358,543
S01,C01,B02,3,4,400,30,MOUSEPOS,13343,1358,543
S01,C01,B02,3,4,400,30,MOUSEPOS,13343,1358,543
S01,C01,B02,3,4,400,30,MOUSEPOS,13343,1358,543
S01,C01,B02,3,5,400,30,MOUSEPOS,13432,1358,543
S01,C01,B02,3,5,400,30,MOUSEPOS,13432,1358,543
S01,C01,B02,3,5,400,30,MOUSEPOS,13432,1358,543
S01,C01,B02,3,5,400,30,MOUSEPOS,13432,1358,543
S01,C01,B02,3,5,400,30,MOUSEPOS,13432,1358,543
S01,C01,B02,3,5,400,30,MOUSEPOS,13432,1358,543
S01,C01,B02,3,5,400,30,MOUSEPOS,13432,1358,543
S01,C01,B02,3,5,400,30,MOUSEPOS,13432,1358,543
S01,C01,B02,3,5,400,30,MOUSEPOS,13515,1358,543
S01,C01,B02,3,5,400,30,MOUSEPOS,13515,1358,543
S01,C01,B02,3,5,400,30,MOUSEPOS,13515,1358,543
S01,C01,B02,3,5,400,30,MOUSEPOS,13515,1358,543
S01,C01,B02,3,5,400,30,MOUSEPOS,13515,1358,543
S01,C01,B02,3,5,400,30,MOUSEPOS,13515,1358,543
S01,C01,B02,3,5,400,30,MOUSEPOS,13515,1358,543
S01,C01,B02,3,5,400,30,MOUSEPOS,13515,1358,543
S01,C01,B02,3,5,400,30,MOUSEPOS,13515,1358,543
S01,C01,B02,3,6,400,30,MOUSEPOS,13617,1358,543
S01,C01,B02,3,6,400,30,MOUSEPOS,13617,1358,543
S01,C01,B02,3,6,400,30,MOUSEPOS,13617,1358,543
S01,C01,B02,3,6,400,30,MOUSEPOS,13617,1358,543
S01,C01,B02,3,6,400,30,MOUSEPOS,13617,1358,543
S01,C01,B02,3,6,400,30,MOUSEPOS,13617,1358,543
S01,C01,B02,3,6,400,30,MOUSEPOS,13686,1358,543
S01,C01,B02,3,6,400,30,MOUSEPOS,13686,1358,543
S01,C01,B02,3,6,400,30,MOUSEPOS,13686,1358,543
S01,C01,B02,3,6,400,30,MOUSEPOS,13686,1358,543
S01,C01,B02,3,6,400,30,MOUSEPOS,13686,1358,543
S01,C01,B02,3,6,400,30,MOUSEPOS,13686,1358,543
S01,C01,B02,3,6,400,30,MOUSEPOS,13686,1358,543
S01,C01,B02,3,6,400,30,MOUSEPOS,13686,1358,543
S01,C01,B02,3,6,400,30,MOUSEPOS,13686,1358,543
S01,C01,B02,3,6,400,30,MOUSEPOS,13686,1358,543
S01,C01,B02,3,6,400,30,MOUSEPOS,13686,1358,543
S01,C01,B02,3,6,400,30,MOUSEPOS,13686,1358,543
S01,C01,B02,3,6,400,30,MOUSEPOS,13686,1358,543
S01,C01,B02,3,6,400,30,MOUSEPOS,13686,1358,543
S01,C01,B02,3,6,400,30,MOUSEPOS,13686,1358,543
S01,C01,B02,3,6,400,30,MOUSEPOS,13686,1358,543
S01,C01,B02,3,6,400,30,MOUSEPOS,13686,1358,543
S01,C01,B02,3,6,400,30,MOUSEPOS,13686,1358,543
S01,C01,B02,3,6,400,30,MOUSEPOS,13686,1358,543
S01,C01,B02,3,6,400,30,MOUSEPOS,13686,1358,543
S01,C01,B02,3,6,400,30,MOUSEPOS,13686,1358,543
S01,C01,B02,3,6,400,30,MOUSEPOS,13686,1358,543
S01,C01,B02,3,6,400,30,MOUSEPOS,13686,1358,543
S01,C01,B02,3,7,400,30,MOUSEPOS,13939,1358,543
S01,C01,B02,3,7,400,30,MOUSEPOS,13939,1358,543
S01,C01,B02,3,7,400,30,MOUSEPOS,13939,1358,543
S01,C01,B02,3,7,400,30,MOUSEPOS,13939,1358,543
S01,C01,B02,3,7,400,30,MOUSEPOS,13939,1358,543
S01,C01,B02,3,7,400,30,MOUSEPOS,13991,1358,543
S01,C01,B02,3,7,400,30,MOUSEPOS,13991,1358,543
S01,C01,B02,3,7,400,30,MOUSEPOS,13991,1358,543
S01,C01,B02,3,7,400,30,MOUSEPOS,13991,1358,543
S01,C01,B02,3,7,400,30,MOUSEPOS,13991,1358,543
S01,C01,B02,3,7,400,30,MOUSEPOS,13991,1358,543
S01,C01,B02,3,7,400,30,MOUSEPOS,13991,1358,543
S01,C01,B02,3,7,400,30,MOUSEPOS,13991,1358,543
S01,C01,B02,3,7,400,30,MOUSEPOS,13991,1358,543
S01,C01,B02,3,8,400,30,MOUSEPOS,14097,1358,543
S01,C01,B02,3,8,400,30,MOUSEPOS,14097,1358,543
S01,C01,B02,3,8,400,30,MOUSEPOS,14097,1358,543
S01,C01,B02,3,8,400,30,MOUSEPOS,14097,1358,543
S01,C01,B02,3,8,400,30,MOUSEPOS,14097,1358,543
S01,C01,B02,3,8,400,30,MOUSEPOS,14097,1358,543
S01,C01,B02,3,8,400,30,MOUSEPOS,14097,1358,543
S01,C01,B02,3,8,400,30,MOUSEPOS,14097,1358,543
S01,C01,B02,3,8,400,30,MOUSEPOS,14186,1358,543
S01,C01,B02,3,8,400,30,MOUSEPOS,14186,1358,543
S01,C01,B02,3,8,400,30,MOUSEPOS,14186,1358,543
S01,C01,B02,3,8,400,30,MOUSEPOS,14186,1358,543
S01,C01,B02,3,8,400,30,MOUSEPOS,14186,1358,543
S01,C01,B02,3,8,400,30,MOUSEPOS,14186,1358,543
S01,C01,B02,3,8,400,30,MOUSEPOS,14186,1358,543
S01,C01,B02,3,8,400,30,MOUSEPOS,14186,1358,543
S01,C01,B02,3,9,400,30,MOUSEPOS,14273,1358,543
S01,C01,B02,3,9,400,30,MOUSEPOS,14273,1358,543
S01,C01,B02,3,9,400,30,MOUSEPOS,14273,1358,543
S01,C01,B02,3,9,400,30,MOUSEPOS,14273,1358,543
S01,C01,B02,3,9,400,30,MOUSEPOS,14273,1358,543
S01,C01,B02,3,9,400,30,MOUSEPOS,14273,1358,543
S01,C01,B02,3,9,400,30,MOUSEPOS,14273,1358,543
S01,C01,B02,3,9,400,30,MOUSEPOS,14349,1358,543
S01,C01,B02,3,9,400,30,MOUSEPOS,14349,1358,543
S01,C01,B02,3,9,400,30,MOUSEPOS,14349,1358,543
S01,C01,B02,3,9,400,30,MOUSEPOS,14349,1358,543
S01,C01,B02,3,9,400,30,MOUSEPOS,14349,1358,543
S01,C01,B02,3,9,400,30,MOUSEPOS,14349,1358,543
S01,C01,B02,3,9,400,30,MOUSEPOS,14349,1358,543
S01,C01,B02,3,9,400,30,MOUSEPOS,14349,1358,543
S01,C01,B02,3,9,400,30,MOUSEPOS,14349,1358,543
S01,C01,B02,3,10,400,30,MOUSEPOS,14449,1358,543
S01,C01,B02,3,10,400,30,MOUSEPOS,14449,1358,543
S01,C01,B02,3,10,400,30,MOUSEPOS,14449,1358,543
S01,C01,B02,3,10,400,30,MOUSEPOS,14449,1358,543
S01,C01,B02,3,10,400,30,MOUSEPOS,14449,1358,543
S01,C01,B02,3,10,400,30,MOUSEPOS,14449,1358,543
S01,C01,B02,3,10,400,30,MOUSEPOS,14449,1358,543
S01,C01,B02,3,10,400,30,MOUSEPOS,14449,1358,543
S01,C01,B02,3,10,400,30,MOUSEPOS,14527,1358,543
S01,C01,B02,3,10,400,30,MOUSEPOS,14527,1358,543
S01,C01,B02,3,10,400,30,MOUSEPOS,14527,1358,543
S01,C01,B02,3,10,400,30,MOUSEPOS,14527,1358,543
S01,C01,B02,3,10,400,30,MOUSEPOS,14527,1358,543
S01,C01,B02,3,10,400,30,MOUSEPOS,14527,1358,543
S01,C01,B02,3,10,400,30,MOUSEPOS,14527,1358,543
S01,C01,B02,3,10,400,30,MOUSEPOS,14527,1358,543
S01,C01,B02,3,10,400,30,MOUSEPOS,14527,1358,543
S01,C01,B02,3,11,400,30,MOUSEPOS,14633,1358,543
S01,C01,B02,3,11,400,30,MOUSEPOS,14633,1358,543
S01,C01,B02,3,11,400,30,MOUSEPOS,14633,1358,543
S01,C01,B02,3,11,400,30,MOUSEPOS,14633,1358,543
S01,C01,B02,3,11,400,30,MOUSEPOS,14633,1358,543
S01,C01,B02,3,11,400,30,MOUSEPOS,14633,1358,543
S01,C01,B02,3,11,400,30,MOUSEPOS,14699,1358,543
S01,C01,B02,3,11,400,30,MOUSEPOS,14699,1358,543
S01,C01,B02,3,11,400,30,MOUSEPOS,14699,1358,543
S01,C01,B02,3,11,400,30,MOUSEPOS,14699,1358,543
S01,C01,B02,3,11,400,30,MOUSEPOS,14699,1358,543
S01,C01,B02,3,11,400,30,MOUSEPOS,14699,1358,543
S01,C01,B02,3,11,400,30,MOUSEPOS,14699,1358,543
S01,C01,B02,3,11,400,30,MOUSEPOS,14699,1358,543
S01,C01,B02,3,11,400,30,MOUSEPOS,14699,1358,543
S01,C01,B02,3,12,400,30,MOUSEPOS,14789,1358,543
S01,C01,B02,3,12,400,30,MOUSEPOS,14789,1358,543
S01,C01,B02,3,12,400,30,MOUSEPOS,14789,1358,543
S01,C01,B02,3,12,400,30,MOUSEPOS,14789,1358,543
S01,C01,B02,3,12,400,30,MOUSEPOS,14789,1358,543
S01,C01,B02,3,12,400,30,MOUSEPOS,14789,1358,543
S01,C01,B02,3,12,400,30,MOUSEPOS,14789,1358,543
S01,C01,B02,3,12,400,30,MOUSEPOS,14789,1358,543
S01,C01,B02,3,12,400,30,MOUSEPOS,14886,1358,543
S01,C01,B02,3,12,400,30,MOUSEPOS,14886,1358,543
S01,C01,B02,3,12,400,30,MOUSEPOS,14886,1358,543
S01,C01,B02,3,12,400,30,MOUSEPOS,14886,1358,543
S01,C01,B02,3,12,400,30,MOUSEPOS,14886,1358,543
S01,C01,B02,3,12,400,30,MOUSEPOS,14886,1358,543
S01,C01,B02,3,12,400,30,MOUSEPOS,14886,1358,543
S01,C01,B02,3,13,400,30,MOUSEPOS,14958,1358,543
S01,C01,B02,3,13,400,30,MOUSEPOS,14958,1358,543
S01,C01,B02,3,13,400,30,MOUSEPOS,14958,1358,543
S01,C01,B02,3,13,400,30,MOUSEPOS,14958,1358,543
S01,C01,B02,3,13,400,30,MOUSEPOS,14958,1358,543
S01,C01,B02,3,13,400,30,MOUSEPOS,14958,1358,543
S01,C01,B02,3,13,400,30,MOUSEPOS,14958,1358,543
S01,C01,B02,3,13,400,30,MOUSEPOS,14958,1358,543
S01,C01,B02,3,13,400,30,MOUSEPOS,14958,1358,543
S01,C01,B02,3,13,400,30,MOUSEPOS,15063,1358,543
S01,C01,B02,3,13,400,30,MOUSEPOS,15063,1358,543
S01,C01,B02,3,13,400,30,MOUSEPOS,15063,1358,543
S01,C01,B02,3,13,400,30,MOUSEPOS,15063,1358,543
S01,C01,B02,3,13,400,30,MOUSEPOS,15063,1358,543
S01,C01,B02,3,13,400,30,MOUSEPOS,15063,1358,543
S01,C01,B02,3,13,400,30,MOUSEPOS,15063,1358,543
S01,C01,B02,3,13,400,30,MOUSEPOS,15063,1358,543
S01,C01,B02,3,14,400,30,MOUSEPOS,15149,1358,543
S01,C01,B02,3,14,400,30,MOUSEPOS,15149,1358,543
S01,C01,B02,3,14,400,30,MOUSEPOS,15149,1358,543
S01,C01,B02,3,14,400,30,MOUSEPOS,15149,1358,543
S01,C01,B02,3,14,400,30,MOUSEPOS,15149,1358,543
S01,C01,B02,3,14,400,30,MOUSEPOS,15149,1358,543
S01,C01,B02,3,14,400,30,MOUSEPOS,15149,1358,543
S01,C01,B02,3,14,400,30,MOUSEPOS,15149,1358,543
S01,C01,B02,3,14,400,30,MOUSEPOS,15241,1358,543
S01,C01,B02,3,14,400,30,MOUSEPOS,15241,1358,543
S01,C01,B02,3,14,400,30,MOUSEPOS,15241,1358,543
S01,C01,B02,3,14,400,30,MOUSEPOS,15241,1358,543
S01,C01,B02,3,14,400,30,MOUSEPOS,15241,1358,543
S01,C01,B02,3,14,400,30,MOUSEPOS,15241,1358,543
S01,C01,B02,3,14,400,30,MOUSEPOS,15241,1358,543
S01,C01,B02,3,15,400,30,MOUSEPOS,15320,1358,543
S01,C01,B02,3,15,400,30,MOUSEPOS,15320,1358,543
S01,C01,B02,3,15,400,30,MOUSEPOS,15320,1358,543
S01,C01,B02,3,15,400,30,MOUSEPOS,15320,1358,543
S01,C01,B02,3,15,400,30,MOUSEPOS,15320,1358,543
S01,C01,B02,3,15,400,30,MOUSEPOS,15320,1358,543
S01,C01,B02,3,15,400,30,MOUSEPOS,15320,1358,543
S01,C01,B02,3,15,400,30,MOUSEPOS,15320,1358,543
S01,C01,B02,3,15,400,30,MOUSEPOS,15320,1358,543
S01,C01,B02,3,15,400,30,MOUSEPOS,15320,1358,543
S01,C01,B02,3,15,400,30,MOUSEPOS,15422,1358,543
S01,C01,B02,3,15,400,30,MOUSEPOS,15422,1358,543
S01,C01,B02,3,15,400,30,MOUSEPOS,15422,1358,543
S01,C01,B02,3,15,400,30,MOUSEPOS,15422,1358,543
S01,C01,B02,3,15,400,30,MOUSEPOS,15422,1358,543
S01,C01,B02,3,15,400,30,MOUSEPOS,15422,1358,543
S01,C01,B02,3,16,400,30,MOUSEPOS,15496,1358,543
S01,C01,B02,4,1,400,40,MOUSEPOS,15496,1358,543
S01,C01,B02,4,1,400,40,MOUSEPOS,15496,1358,543
S01,C01,B02,4,1,400,40,MOUSEPOS,15496,1358,543
S01,C01,B02,4,1,400,40,MOUSEPOS,15496,1358,543
S01,C01,B02,4,1,400,40,MOUSEPOS,15496,1358,543
S01,C01,B02,4,1,400,40,MOUSEPOS,15496,1358,543
S01,C01,B02,4,1,400,40,MOUSEPOS,15496,1358,543
S01,C01,B02,4,1,400,40,MOUSEPOS,15496,1358,543
S01,C01,B02,4,1,400,40,MOUSEPOS,15496,1358,543
S01,C01,B02,4,1,400,40,MOUSEPOS,15603,1358,543
S01,C01,B02,4,1,400,40,MOUSEPOS,15603,1358,543
S01,C01,B02,4,1,400,40,MOUSEPOS,15603,1358,543
S01,C01,B02,4,1,400,40,MOUSEPOS,15603,1358,543
S01,C01,B02,4,1,400,40,MOUSEPOS,15603,1358,543
S01,C01,B02,4,1,400,40,MOUSEPOS,15603,1358,543
S01,C01,B02,4,1,400,40,MOUSEPOS,15603,1358,543
S01,C01,B02,4,1,400,40,MOUSEPOS,15603,1358,543
S01,C01,B02,4,2,400,40,MOUSEPOS,15686,1358,543
S01,C01,B02,4,2,400,40,MOUSEPOS,15686,1358,543
S01,C01,B02,4,2,400,40,MOUSEPOS,15686,1358,543
S01,C01,B02,4,2,400,40,MOUSEPOS,15686,1358,543
S01,C01,B02,4,2,400,40,MOUSEPOS,15686,1358,543
S01,C01,B02,4,2,400,40,MOUSEPOS,15686,1358,543
S01,C01,B02,4,2,400,40,MOUSEPOS,15686,1358,543
S01,C01,B02,4,2,400,40,MOUSEPOS,15686,1358,543
S01,C01,B02,4,2,400,40,MOUSEPOS,15686,1358,543
S01,C01,B02,4,2,400,40,MOUSEPOS,15686,1358,543
S01,C01,B02,4,2,400,40,MOUSEPOS,15686,1358,543
S01,C01,B02,4,2,400,40,MOUSEPOS,15686,1358,543
S01,C01,B02,4,2,400,40,MOUSEPOS,15686,1358,543
S01,C01,B02,4,2,400,40,MOUSEPOS,15686,1358,543
S01,C01,B02,4,2,400,40,MOUSEPOS,15686,1358,543
S01,C01,B02,4,2,400,40,MOUSEPOS,15848,1358,543
S01,C01,B02,4,2,400,40,MOUSEPOS,15848,1358,543
S01,C01,B02,4,2,400,40,MOUSEPOS,15848,1358,543
S01,C01,B02,4,2,400,40,MOUSEPOS,15848,1358,543
S01,C01,B02,4,2,400,40,MOUSEPOS,15848,1358,543
S01,C01,B02,4,2,400,40,MOUSEPOS,15848,1358,543
S01,C01,B02,4,2,400,40,MOUSEPOS,15848,1358,543
S01,C01,B02,4,2,400,40,MOUSEPOS,15848,1358,543
S01,C01,B02,4,2,400,40,MOUSEPOS,15848,1358,543
S01,C01,B02,4,2,400,40,MOUSEPOS,15848,1358,543
S01,C01,B02,4,2,400,40,MOUSEPOS,15848,1358,543
S01,C01,B02,4,3,400,40,MOUSEPOS,15969,1358,543
S01,C01,B02,4,3,400,40,MOUSEPOS,15969,1358,543
S01,C01,B02,4,3,400,40,MOUSEPOS,15969,1358,543
S01,C01,B02,4,3,400,40,MOUSEPOS,15969,1358,543
S01,C01,B02,4,3,400,40,MOUSEPOS,15969,1358,543
S01,C01,B02,4,3,400,40,MOUSEPOS,15969,1358,543
S01,C01,B02,4,3,400,40,MOUSEPOS,15969,1358,543
S01,C01,B02,4,3,400,40,MOUSEPOS,15969,1358,543
S01,C01,B02,4,3,400,40,MOUSEPOS,16059,1358,543
S01,C01,B02,4,3,400,40,MOUSEPOS,16059,1358,543
S01,C01,B02,4,3,400,40,MOUSEPOS,16059,1358,543
S01,C01,B02,4,3,400,40,MOUSEPOS,16059,1358,543
S01,C01,B02,4,3,400,40,MOUSEPOS,16059,1358,543
S01,C01,B02,4,3,400,40,MOUSEPOS,16059,1358,543
S01,C01,B02,4,3,400,40,MOUSEPOS,16059,1358,543
S01,C01,B02,4,4,400,40,MOUSEPOS,16129,1358,543
S01,C01,B02,4,4,400,40,MOUSEPOS,16129,1358,543
S01,C01,B02,4,4,400,40,MOUSEPOS,16129,1358,543
S01,C01,B02,4,4,400,40,MOUSEPOS,16129,1358,543
S01,C01,B02,4,4,400,40,MOUSEPOS,16129,1358,543
S01,C01,B02,4,4,400,40,MOUSEPOS,16129,1358,543
S01,C01,B02,4,4,400,40,MOUSEPOS,16129,1358,543
S01,C01,B02,4,4,400,40,MOUSEPOS,16129,1358,543
S01,C01,B02,4,4,400,40,MOUSEPOS,16129,1358,543
S01,C01,B02,4,4,400,40,MOUSEPOS,16129,1358,543
S01,C01,B02,4,4,400,40,MOUSEPOS,16241,1358,543
S01,C01,B02,4,4,400,40,MOUSEPOS,16241,1358,543
S01,C01,B02,4,4,400,40,MOUSEPOS,16241,1358,543
S01,C01,B02,4,4,400,40,MOUSEPOS,16241,1358,543
S01,C01,B02,4,4,400,40,MOUSEPOS,16241,1358,543
S01,C01,B02,4,4,400,40,MOUSEPOS,16241,1358,543
S01,C01,B02,4,4,400,40,MOUSEPOS,16241,1358,543
S01,C01,B02,4,5,400,40,MOUSEPOS,16314,1358,543
S01,C01,B02,4,5,400,40,MOUSEPOS,16314,1358,543
S01,C01,B02,4,5,400,40,MOUSEPOS,16314,1358,543
S01,C01,B02,4,5,400,40,MOUSEPOS,16314,1358,543
S01,C01,B02,4,5,400,40,MOUSEPOS,16314,1358,543
S01,C01,B02,4,5,400,40,MOUSEPOS,16314,1358,543
S01,C01,B02,4,5,400,40,MOUSEPOS,16314,1358,543
S01,C01,B02,4,5,400,40,MOUSEPOS,16314,1358,543
S01,C01,B02,4,5,400,40,MOUSEPOS,16314,1358,543
S01,C01,B02,4,5,400,40,MOUSEPOS,16314,1358,543
S01,C01,B02,4,5,400,40,MOUSEPOS,16424,1358,543
S01,C01,B02,4,5,400,40,MOUSEPOS,16424,1358,543
S01,C01,B02,4,5,400,40,MOUSEPOS,16424,1358,543
S01,C01,B02,4,5,400,40,MOUSEPOS,16424,1358,543
S01,C01,B02,4,5,400,40,MOUSEPOS,16424,1358,543
S01,C01,B02,4,5,400,40,MOUSEPOS,16424,1358,543
S01,C01,B02,4,5,400,40,MOUSEPOS,16424,1358,543
S01,C01,B02,4,6,400,40,MOUSEPOS,16499,1358,543
S01,C01,B02,4,6,400,40,MOUSEPOS,16499,1358,543
S01,C01,B02,4,6,400,40,MOUSEPOS,16499,1358,543
S01,C01,B02,4,6,400,40,MOUSEPOS,16499,1358,543
S01,C01,B02,4,6,400,40,MOUSEPOS,16499,1358,543
S01,C01,B02,4,6,400,40,MOUSEPOS,16499,1358,543
S01,C01,B02,4,6,400,40,MOUSEPOS,16499,1358,543
S01,C01,B02,4,6,400,40,MOUSEPOS,16499,1358,543
S01,C01,B02,4,6,400,40,MOUSEPOS,16499,1358,543
S01,C01,B02,4,6,400,40,MOUSEPOS,16596,1358,543
S01,C01,B02,4,6,400,40,MOUSEPOS,16596,1358,543
S01,C01,B02,4,6,400,40,MOUSEPOS,16596,1358,543
S01,C01,B02,4,6,400,40,MOUSEPOS,16596,1358,543
S01,C01,B02,4,6,400,40,MOUSEPOS,16596,1358,543
S01,C01,B02,4,6,400,40,MOUSEPOS,16596,1358,543
S01,C01,B02,4,6,400,40,MOUSEPOS,16596,1358,543
S01,C01,B02,4,7,400,40,MOUSEPOS,16678,1358,543
S01,C01,B02,4,7,400,40,MOUSEPOS,16678,1358,543
S01,C01,B02,4,7,400,40,MOUSEPOS,16678,1358,543
S01,C01,B02,4,7,400,40,MOUSEPOS,16678,1358,543
S01,C01,B02,4,7,400,40,MOUSEPOS,16678,1358,543
S01,C01,B02,4,7,400,40,MOUSEPOS,16678,1358,543
S01,C01,B02,4,7,400,40,MOUSEPOS,16678,1358,543
S01,C01,B02,4,7,400,40,MOUSEPOS,16678,1358,543
S01,C01,B02,4,7,400,40,MOUSEPOS,16678,1358,543
S01,C01,B02,4,7,400,40,MOUSEPOS,16775,1358,543
S01,C01,B02,4,7,400,40,MOUSEPOS,16775,1358,543
S01,C01,B02,4,7,400,40,MOUSEPOS,16775,1358,543
S01,C01,B02,4,7,400,40,MOUSEPOS,16775,1358,543
S01,C01,B02,4,7,400,40,MOUSEPOS,16775,1358,543
S01,C01,B02,4,7,400,40,MOUSEPOS,16775,1358,543
S01,C01,B02,4,7,400,40,MOUSEPOS,16775,1358,543
S01,C01,B02,4,7,400,40,MOUSEPOS,16775,1358,543
S01,C01,B02,4,8,400,40,MOUSEPOS,16858,1358,543
S01,C01,B02,4,8,400,40,MOUSEPOS,16858,1358,543
S01,C01,B02,4,8,400,40,MOUSEPOS,16858,1358,543
S01,C01,B02,4,8,400,40,MOUSEPOS,16858,1358,543
S01,C01,B02,4,8,400,40,MOUSEPOS,16858,1358,543
S01,C01,B02,4,8,400,40,MOUSEPOS,16858,1358,543
S01,C01,B02,4,8,400,40,MOUSEPOS,16858,1358,543
S01,C01,B02,4,8,400,40,MOUSEPOS,16858,1358,543
S01,C01,B02,4,8,400,40,MOUSEPOS,16951,1358,543
S01,C01,B02,4,8,400,40,MOUSEPOS,16951,1358,543
S01,C01,B02,4,8,400,40,MOUSEPOS,16951,1358,543
S01,C01,B02,4,8,400,40,MOUSEPOS,16951,1358,543
S01,C01,B02,4,8,400,40,MOUSEPOS,16951,1358,543
S01,C01,B02,4,8,400,40,MOUSEPOS,16951,1358,543
S01,C01,B02,4,8,400,40,MOUSEPOS,16951,1358,543
S01,C01,B02,4,8,400,40,MOUSEPOS,16951,1358,543
S01,C01,B02,4,9,400,40,MOUSEPOS,17039,1358,543
S01,C01,B02,4,9,400,40,MOUSEPOS,17039,1358,543
S01,C01,B02,4,9,400,40,MOUSEPOS,17039,1358,543
S01,C01,B02,4,9,400,40,MOUSEPOS,17039,1358,543
S01,C01,B02,4,9,400,40,MOUSEPOS,17039,1358,543
S01,C01,B02,4,9,400,40,MOUSEPOS,17039,1358,543
S01,C01,B02,4,9,400,40,MOUSEPOS,17039,1358,543
S01,C01,B02,4,9,400,40,MOUSEPOS,17039,1358,543
S01,C01,B02,4,9,400,40,MOUSEPOS,17039,1358,543
S01,C01,B02,4,9,400,40,MOUSEPOS,17142,1358,543
S01,C01,B02,4,9,400,40,MOUSEPOS,17142,1358,543
S01,C01,B02,4,9,400,40,MOUSEPOS,17142,1358,543
S01,C01,B02,4,9,400,40,MOUSEPOS,17142,1358,543
S01,C01,B02,4,9,400,40,MOUSEPOS,17142,1358,543
S01,C01,B02,4,9,400,40,MOUSEPOS,17142,1358,543
S01,C01,B02,4,9,400,40,MOUSEPOS,17142,1358,543
S01,C01,B02,4,9,400,40,MOUSEPOS,17142,1358,543
S01,C01,B02,4,9,400,40,MOUSEPOS,17142,1358,543
S01,C01,B02,4,10,400,40,MOUSEPOS,17236,1358,543
S01,C01,B02,4,10,400,40,MOUSEPOS,17236,1358,543
S01,C01,B02,4,10,400,40,MOUSEPOS,17236,1358,543
S01,C01,B02,4,10,400,40,MOUSEPOS,17236,1358,543
S01,C01,B02,4,10,400,40,MOUSEPOS,17236,1358,543
S01,C01,B02,4,10,400,40,MOUSEPOS,17236,1358,543
S01,C01,B02,4,10,400,40,MOUSEPOS,17236,1358,543
S01,C01,B02,4,10,400,40,MOUSEPOS,17236,1358,543
S01,C01,B02,4,10,400,40,MOUSEPOS,17236,1358,543
S01,C01,B02,4,10,400,40,MOUSEPOS,17332,1358,543
S01,C01,B02,4,10,400,40,MOUSEPOS,17332,1358,543
S01,C01,B02,4,10,400,40,MOUSEPOS,17332,1358,543
S01,C01,B02,4,10,400,40,MOUSEPOS,17332,1358,543
S01,C01,B02,4,10,400,40,MOUSEPOS,17332,1358,543
S01,C01,B02,4,10,400,40,MOUSEPOS,17332,1358,543
S01,C01,B02,4,10,400,40,MOUSEPOS,17332,1358,543
S01,C01,B02,4,11,400,40,MOUSEPOS,17404,1358,543
S01,C01,B02,4,11,400,40,MOUSEPOS,17404,1358,543
S01,C01,B02,4,11,400,40,MOUSEPOS,17404,1358,543
S01,C01,B02,4,11,400,40,MOUSEPOS,17404,1358,543
S01,C01,B02,4,11,400,40,MOUSEPOS,17404,1358,543
S01,C01,B02,4,11,400,40,MOUSEPOS,17404,1358,543
S01,C01,B02,4,11,400,40,MOUSEPOS,17404,1358,543
S01,C01,B02,4,11,400,40,MOUSEPOS,17404,1358,543
S01,C01,B02,4,11,400,40,MOUSEPOS,17404,1358,543
S01,C01,B02,4,11,400,40,MOUSEPOS,17503,1358,543
S01,C01,B02,4,11,400,40,MOUSEPOS,17503,1358,543
S01,C01,B02,4,11,400,40,MOUSEPOS,17503,1358,543
S01,C01,B02,4,11,400,40,MOUSEPOS,17503,1358,543
S01,C01,B02,4,11,400,40,MOUSEPOS,17503,1358,543
S01,C01,B02,4,11,400,40,MOUSEPOS,17503,1358,543
S01,C01,B02,4,11,400,40,MOUSEPOS,17503,1358,543
S01,C01,B02,4,11,400,40,MOUSEPOS,17503,1358,543
S01,C01,B02,4,12,400,40,MOUSEPOS,17583,1358,543
S01,C01,B02,4,12,400,40,MOUSEPOS,17583,1358,543
S01,C01,B02,4,12,400,40,MOUSEPOS,17583,1358,543
S01,C01,B02,4,12,400,40,MOUSEPOS,17583,1358,543
S01,C01,B02,4,12,400,40,MOUSEPOS,17583,1358,543
S01,C01,B02,4,12,400,40,MOUSEPOS,17583,1358,543
S01,C01,B02,4,12,400,40,MOUSEPOS,17583,1358,543
S01,C01,B02,4,12,400,40,MOUSEPOS,17583,1358,543
S01,C01,B02,4,12,400,40,MOUSEPOS,17583,1358,543
S01,C01,B02,4,12,400,40,MOUSEPOS,17689,1358,543
S01,C01,B02,4,12,400,40,MOUSEPOS,17689,1358,543
S01,C01,B02,4,12,400,40,MOUSEPOS,17689,1358,543
S01,C01,B02,4,12,400,40,MOUSEPOS,17689,1358,543
S01,C01,B02,4,12,400,40,MOUSEPOS,17689,1358,543
S01,C01,B02,4,12,400,40,MOUSEPOS,17689,1358,543
S01,C01,B02,4,12,400,40,MOUSEPOS,17689,1358,543
S01,C01,B02,4,12,400,40,MOUSEPOS,17689,1358,543
S01,C01,B02,4,12,400,40,MOUSEPOS,17689,1358,543
S01,C01,B02,4,13,400,40,MOUSEPOS,17780,1358,543
S01,C01,B02,4,13,400,40,MOUSEPOS,17780,1358,543
S01,C01,B02,4,13,400,40,MOUSEPOS,17780,1358,543
S01,C01,B02,4,13,400,40,MOUSEPOS,17780,1358,543
S01,C01,B02,4,13,400,40,MOUSEPOS,17780,1358,543
S01,C01,B02,4,13,400,40,MOUSEPOS,17780,1358,543
S01,C01,B02,4,13,400,40,MOUSEPOS,17780,1358,543
S01,C01,B02,4,13,400,40,MOUSEPOS,17861,1358,543
S01,C01,B02,4,13,400,40,MOUSEPOS,17861,1358,543
S01,C01,B02,4,13,400,40,MOUSEPOS,17861,1358,543
S01,C01,B02,4,13,400,40,MOUSEPOS,17861,1358,543
S01,C01,B02,4,13,400,40,MOUSEPOS,17861,1358,543
S01,C01,B02,4,13,400,40,MOUSEPOS,17861,1358,543
S01,C01,B02,4,13,400,40,MOUSEPOS,17861,1358,543
S01,C01,B02,4,13,400,40,MOUSEPOS,17861,1358,543
S01,C01,B02,4,14,400,40,MOUSEPOS,17955,1358,543
S01,C01,B02,4,14,400,40,MOUSEPOS,17955,1358,543
S01,C01,B02,4,14,400,40,MOUSEPOS,17955,1358,543
S01,C01,B02,4,14,400,40,MOUSEPOS,17955,1358,543
S01,C01,B02,4,14,400,40,MOUSEPOS,17955,1358,543
S01,C01,B02,4,14,400,40,MOUSEPOS,17955,1358,543
S01,C01,B02,4,14,400,40,MOUSEPOS,17955,1358,543
S01,C01,B02,4,14,400,40,MOUSEPOS,17955,1358,543
S01,C01,B02,4,14,400,40,MOUSEPOS,17955,1358,543
S01,C01,B02,4,14,400,40,MOUSEPOS,18045,1358,543
S01,C01,B02,4,14,400,40,MOUSEPOS,18045,1358,543
S01,C01,B02,4,14,400,40,MOUSEPOS,18045,1358,543
S01,C01,B02,4,14,400,40,MOUSEPOS,18045,1358,543
S01,C01,B02,4,14,400,40,MOUSEPOS,18045,1358,543
S01,C01,B02,4,14,400,40,MOUSEPOS,18045,1358,543
S01,C01,B02,4,14,400,40,MOUSEPOS,18045,1358,543
S01,C01,B02,4,14,400,40,MOUSEPOS,18045,1358,543
S01,C01,B02,4,15,400,40,MOUSEPOS,18136,1358,543
S01,C01,B02,4,15,400,40,MOUSEPOS,18136,1358,543
S01,C01,B02,4,15,400,40,MOUSEPOS,18136,1358,543
S01,C01,B02,4,15,400,40,MOUSEPOS,18136,1358,543
S01,C01,B02,4,15,400,40,MOUSEPOS,18136,1358,543
S01,C01,B02,4,15,400,40,MOUSEPOS,18136,1358,543
S01,C01,B02,4,15,400,40,MOUSEPOS,18136,1358,543
S01,C01,B02,4,15,400,40,MOUSEPOS,18136,1358,543
S01,C01,B02,4,15,400,40,MOUSEPOS,18136,1358,543
S01,C01,B02,4,15,400,40,MOUSEPOS,18230,1358,543
S01,C01,B02,4,15,400,40,MOUSEPOS,18230,1358,543
S01,C01,B02,4,15,400,40,MOUSEPOS,18230,1358,543
S01,C01,B02,4,15,400,40,MOUSEPOS,18230,1358,543
S01,C01,B02,4,15,400,40,MOUSEPOS,18230,1358,543
S01,C01,B02,4,15,400,40,MOUSEPOS,18230,1358,543
S01,C01,B02,4,15,400,40,MOUSEPOS,18230,1358,543
S01,C01,B02,4,15,400,40,MOUSEPOS,18230,1358,543
S01,C01,B02,1,1,200,30,MOUSEBUTTONDOWN,1531,1159,538
S01,C01,B02,1,2,200,30,MOUSEBUTTONUP_SUCC,2566,761,542
S01,C01,B02,1,2,200,30,MOUSEBUTTONDOWN,2734,758,540
S01,C01,B02,1,3,200,30,MOUSEBUTTONUP_FAIL,3343,1128,606
S01,C01,B02,1,3,200,30,MOUSEBUTTONDOWN,3896,1112,594
S01,C01,B02,1,4,200,30,MOUSEBUTTONUP_FAIL,4139,815,505
S01,C01,B02,1,4,200,30,MOUSEBUTTONDOWN,4421,814,496
S01,C01,B02,1,5,200,30,MOUSEBUTTONUP_FAIL,4630,928,560
S01,C01,B02,1,5,200,30,MOUSEBUTTONDOWN,5229,920,549
S01,C01,B02,1,6,200,30,MOUSEBUTTONUP_FAIL,5431,905,492
S01,C01,B02,1,6,200,30,MOUSEBUTTONDOWN,5569,905,492
S01,C01,B02,1,7,200,30,MOUSEBUTTONUP_FAIL,5873,936,581
S01,C01,B02,1,7,200,30,MOUSEBUTTONDOWN,6006,939,581
S01,C01,B02,1,8,200,30,MOUSEBUTTONUP_FAIL,6266,927,516
S01,C01,B02,1,8,200,30,MOUSEBUTTONDOWN,6395,927,516
S01,C01,B02,1,9,200,30,MOUSEBUTTONUP_FAIL,6653,943,583
S01,C01,B02,1,9,200,30,MOUSEBUTTONDOWN,6770,944,582
S01,C01,B02,1,10,200,30,MOUSEBUTTONUP_FAIL,6998,953,500
S01,C01,B02,1,10,200,30,MOUSEBUTTONDOWN,7116,955,500
S01,C01,B02,1,11,200,30,MOUSEBUTTONUP_FAIL,7364,954,578
S01,C01,B02,1,11,200,30,MOUSEBUTTONDOWN,7469,953,577
S01,C01,B02,1,12,200,30,MOUSEBUTTONUP_FAIL,7681,978,498
S01,C01,B02,1,12,200,30,MOUSEBUTTONDOWN,7809,978,497
S01,C01,B02,1,13,200,30,MOUSEBUTTONUP_FAIL,7919,978,497
S01,C01,B02,1,13,200,30,MOUSEBUTTONDOWN,8030,979,498
S01,C01,B02,1,14,200,30,MOUSEBUTTONUP_FAIL,8144,979,498
S01,C01,B02,1,14,200,30,MOUSEBUTTONDOWN,8242,979,500
S01,C01,B02,1,15,200,30,MOUSEBUTTONUP_FAIL,8316,979,500
S01,C01,B02,1,15,200,30,MOUSEBUTTONDOWN,8399,979,500
S01,C01,B02,1,16,200,30,MOUSEBUTTONUP_FAIL,8478,979,500
S01,C01,B02,2,1,200,40,MOUSEBUTTONDOWN,9358,1172,537
S01,C01,B02,2,2,200,40,MOUSEBUTTONUP_FAIL,9436,1172,537
S01,C01,B02,2,2,200,40,MOUSEBUTTONDOWN,9519,1171,537
S01,C01,B02,2,3,200,40,MOUSEBUTTONUP_FAIL,9602,1171,537
S01,C01,B02,2,3,200,40,MOUSEBUTTONDOWN,9669,1171,537
S01,C01,B02,2,4,200,40,MOUSEBUTTONUP_FAIL,9753,1171,537
S01,C01,B02,2,4,200,40,MOUSEBUTTONDOWN,9827,1171,537
S01,C01,B02,2,5,200,40,MOUSEBUTTONUP_FAIL,9917,1171,537
S01,C01,B02,2,5,200,40,MOUSEBUTTONDOWN,9994,1171,537
S01,C01,B02,2,6,200,40,MOUSEBUTTONUP_FAIL,10087,1171,537
S01,C01,B02,2,6,200,40,MOUSEBUTTONDOWN,10156,1171,537
S01,C01,B02,2,7,200,40,MOUSEBUTTONUP_FAIL,10253,1171,537
S01,C01,B02,2,7,200,40,MOUSEBUTTONDOWN,10313,1171,537
S01,C01,B02,2,8,200,40,MOUSEBUTTONUP_FAIL,10405,1171,537
S01,C01,B02,2,8,200,40,MOUSEBUTTONDOWN,10477,1171,537
S01,C01,B02,2,9,200,40,MOUSEBUTTONUP_FAIL,10573,1171,537
S01,C01,B02,2,9,200,40,MOUSEBUTTONDOWN,10639,1171,537
S01,C01,B02,2,10,200,40,MOUSEBUTTONUP_FAIL,10736,1171,537
S01,C01,B02,2,10,200,40,MOUSEBUTTONDOWN,10816,1171,537
S01,C01,B02,2,11,200,40,MOUSEBUTTONUP_FAIL,10903,1171,537
S01,C01,B02,2,11,200,40,MOUSEBUTTONDOWN,10980,1171,537
S01,C01,B02,2,12,200,40,MOUSEBUTTONUP_FAIL,11070,1171,537
S01,C01,B02,2,12,200,40,MOUSEBUTTONDOWN,11144,1171,537
S01,C01,B02,2,13,200,40,MOUSEBUTTONUP_FAIL,11233,1171,537
S01,C01,B02,2,13,200,40,MOUSEBUTTONDOWN,11322,1171,537
S01,C01,B02,2,14,200,40,MOUSEBUTTONUP_FAIL,11411,1171,537
S01,C01,B02,2,14,200,40,MOUSEBUTTONDOWN,11496,1171,537
S01,C01,B02,2,15,200,40,MOUSEBUTTONUP_FAIL,11592,1171,537
S01,C01,B02,2,15,200,40,MOUSEBUTTONDOWN,11666,1171,537
S01,C01,B02,2,16,200,40,MOUSEBUTTONUP_FAIL,11765,1171,537
S01,C01,B02,3,1,400,30,MOUSEBUTTONDOWN,12841,1357,542
S01,C01,B02,3,2,400,30,MOUSEBUTTONUP_FAIL,12913,1358,543
S01,C01,B02,3,2,400,30,MOUSEBUTTONDOWN,13016,1358,543
S01,C01,B02,3,3,400,30,MOUSEBUTTONUP_FAIL,13091,1358,543
S01,C01,B02,3,3,400,30,MOUSEBUTTONDOWN,13175,1358,543
S01,C01,B02,3,4,400,30,MOUSEBUTTONUP_FAIL,13254,1358,543
S01,C01,B02,3,4,400,30,MOUSEBUTTONDOWN,13343,1358,543
S01,C01,B02,3,5,400,30,MOUSEBUTTONUP_FAIL,13432,1358,543
S01,C01,B02,3,5,400,30,MOUSEBUTTONDOWN,13515,1358,543
S01,C01,B02,3,6,400,30,MOUSEBUTTONUP_FAIL,13617,1358,543
S01,C01,B02,3,6,400,30,MOUSEBUTTONDOWN,13686,1358,543
S01,C01,B02,3,7,400,30,MOUSEBUTTONUP_FAIL,13939,1358,543
S01,C01,B02,3,7,400,30,MOUSEBUTTONDOWN,13991,1358,543
S01,C01,B02,3,8,400,30,MOUSEBUTTONUP_FAIL,14097,1358,543
S01,C01,B02,3,8,400,30,MOUSEBUTTONDOWN,14186,1358,543
S01,C01,B02,3,9,400,30,MOUSEBUTTONUP_FAIL,14273,1358,543
S01,C01,B02,3,9,400,30,MOUSEBUTTONDOWN,14349,1358,543
S01,C01,B02,3,10,400,30,MOUSEBUTTONUP_FAIL,14449,1358,543
S01,C01,B02,3,10,400,30,MOUSEBUTTONDOWN,14527,1358,543
S01,C01,B02,3,11,400,30,MOUSEBUTTONUP_FAIL,14634,1358,543
S01,C01,B02,3,11,400,30,MOUSEBUTTONDOWN,14699,1358,543
S01,C01,B02,3,12,400,30,MOUSEBUTTONUP_FAIL,14789,1358,543
S01,C01,B02,3,12,400,30,MOUSEBUTTONDOWN,14886,1358,543
S01,C01,B02,3,13,400,30,MOUSEBUTTONUP_FAIL,14958,1358,543
S01,C01,B02,3,13,400,30,MOUSEBUTTONDOWN,15063,1358,543
S01,C01,B02,3,14,400,30,MOUSEBUTTONUP_FAIL,15149,1358,543
S01,C01,B02,3,14,400,30,MOUSEBUTTONDOWN,15241,1358,543
S01,C01,B02,3,15,400,30,MOUSEBUTTONUP_FAIL,15320,1358,543
S01,C01,B02,3,15,400,30,MOUSEBUTTONDOWN,15422,1358,543
S01,C01,B02,3,16,400,30,MOUSEBUTTONUP_FAIL,15496,1358,543
S01,C01,B02,4,1,400,40,MOUSEBUTTONDOWN,15603,1358,543
S01,C01,B02,4,2,400,40,MOUSEBUTTONUP_FAIL,15686,1358,543
S01,C01,B02,4,2,400,40,MOUSEBUTTONDOWN,15848,1358,543
S01,C01,B02,4,3,400,40,MOUSEBUTTONUP_FAIL,15969,1358,543
S01,C01,B02,4,3,400,40,MOUSEBUTTONDOWN,16059,1358,543
S01,C01,B02,4,4,400,40,MOUSEBUTTONUP_FAIL,16129,1358,543
S01,C01,B02,4,4,400,40,MOUSEBUTTONDOWN,16241,1358,543
S01,C01,B02,4,5,400,40,MOUSEBUTTONUP_FAIL,16314,1358,543
S01,C01,B02,4,5,400,40,MOUSEBUTTONDOWN,16424,1358,543
S01,C01,B02,4,6,400,40,MOUSEBUTTONUP_FAIL,16499,1358,543
S01,C01,B02,4,6,400,40,MOUSEBUTTONDOWN,16596,1358,543
S01,C01,B02,4,7,400,40,MOUSEBUTTONUP_FAIL,16678,1358,543
S01,C01,B02,4,7,400,40,MOUSEBUTTONDOWN,16775,1358,543
S01,C01,B02,4,8,400,40,MOUSEBUTTONUP_FAIL,16858,1358,543
S01,C01,B02,4,8,400,40,MOUSEBUTTONDOWN,16951,1358,543
S01,C01,B02,4,9,400,40,MOUSEBUTTONUP_FAIL,17039,1358,543
S01,C01,B02,4,9,400,40,MOUSEBUTTONDOWN,17142,1358,543
S01,C01,B02,4,10,400,40,MOUSEBUTTONUP_FAIL,17236,1358,543
S01,C01,B02,4,10,400,40,MOUSEBUTTONDOWN,17332,1358,543
S01,C01,B02,4,11,400,40,MOUSEBUTTONUP_FAIL,17404,1358,543
S01,C01,B02,4,11,400,40,MOUSEBUTTONDOWN,17503,1358,543
S01,C01,B02,4,12,400,40,MOUSEBUTTONUP_FAIL,17584,1358,543
S01,C01,B02,4,12,400,40,MOUSEBUTTONDOWN,17689,1358,543
S01,C01,B02,4,13,400,40,MOUSEBUTTONUP_FAIL,17780,1358,543
S01,C01,B02,4,13,400,40,MOUSEBUTTONDOWN,17861,1358,543
S01,C01,B02,4,14,400,40,MOUSEBUTTONUP_FAIL,17955,1358,543
S01,C01,B02,4,14,400,40,MOUSEBUTTONDOWN,18045,1358,543
S01,C01,B02,4,15,400,40,MOUSEBUTTONUP_FAIL,18137,1358,543
S01,C01,B02,4,15,400,40,MOUSEBUTTONDOWN,18230,1358,543
S01,C01,B02,4,16,400,40,MOUSEBUTTONUP_FAIL,18326,1358,543
S01,C01,B02,1,1,200,30,EdgeCirclePos,498,761,540
S01,C01,B02,1,2,200,30,EdgeCirclePos,2569,1144,616
S01,C01,B02,1,3,200,30,EdgeCirclePos,3346,776,464
S01,C01,B02,1,4,200,30,EdgeCirclePos,4142,1101,681
S01,C01,B02,1,5,200,30,EdgeCirclePos,4633,819,399
S01,C01,B02,1,6,200,30,EdgeCirclePos,5435,1036,724
S01,C01,B02,1,7,200,30,EdgeCirclePos,5876,884,356
S01,C01,B02,1,8,200,30,EdgeCirclePos,6270,960,740
S01,C01,B02,1,9,200,30,EdgeCirclePos,6656,960,341
S01,C01,B02,1,10,200,30,EdgeCirclePos,7000,884,724
S01,C01,B02,1,11,200,30,EdgeCirclePos,7367,1036,356
S01,C01,B02,1,12,200,30,EdgeCirclePos,7684,819,681
S01,C01,B02,1,13,200,30,EdgeCirclePos,7922,1101,399
S01,C01,B02,1,14,200,30,EdgeCirclePos,8147,776,616
S01,C01,B02,1,15,200,30,EdgeCirclePos,8319,1144,464
S01,C01,B02,2,1,200,40,EdgeCirclePos,8481,761,540
S01,C01,B02,2,2,200,40,EdgeCirclePos,9439,1144,616
S01,C01,B02,2,3,200,40,EdgeCirclePos,9605,776,464
S01,C01,B02,2,4,200,40,EdgeCirclePos,9755,1101,681
S01,C01,B02,2,5,200,40,EdgeCirclePos,9920,819,399
S01,C01,B02,2,6,200,40,EdgeCirclePos,10090,1036,724
S01,C01,B02,2,7,200,40,EdgeCirclePos,10256,884,356
S01,C01,B02,2,8,200,40,EdgeCirclePos,10408,960,740
S01,C01,B02,2,9,200,40,EdgeCirclePos,10575,960,341
S01,C01,B02,2,10,200,40,EdgeCirclePos,10739,884,724
S01,C01,B02,2,11,200,40,EdgeCirclePos,10906,1036,356
S01,C01,B02,2,12,200,40,EdgeCirclePos,11072,819,681
S01,C01,B02,2,13,200,40,EdgeCirclePos,11236,1101,399
S01,C01,B02,2,14,200,40,EdgeCirclePos,11413,776,616
S01,C01,B02,2,15,200,40,EdgeCirclePos,11594,1144,464
S01,C01,B02,3,1,400,30,EdgeCirclePos,11768,561,540
S01,C01,B02,3,2,400,30,EdgeCirclePos,12916,1329,693
S01,C01,B02,3,3,400,30,EdgeCirclePos,13094,591,388
S01,C01,B02,3,4,400,30,EdgeCirclePos,13257,1242,822
S01,C01,B02,3,5,400,30,EdgeCirclePos,13436,677,258
S01,C01,B02,3,6,400,30,EdgeCirclePos,13620,1113,909
S01,C01,B02,3,7,400,30,EdgeCirclePos,13942,807,171
S01,C01,B02,3,8,400,30,EdgeCirclePos,14100,960,940
S01,C01,B02,3,9,400,30,EdgeCirclePos,14276,960,141
S01,C01,B02,3,10,400,30,EdgeCirclePos,14453,807,909
S01,C01,B02,3,11,400,30,EdgeCirclePos,14636,1112,171
S01,C01,B02,3,12,400,30,EdgeCirclePos,14792,678,822
S01,C01,B02,3,13,400,30,EdgeCirclePos,14961,1242,257
S01,C01,B02,3,14,400,30,EdgeCirclePos,15153,591,693
S01,C01,B02,3,15,400,30,EdgeCirclePos,15322,1329,387
S01,C01,B02,4,1,400,40,EdgeCirclePos,15499,561,540
S01,C01,B02,4,2,400,40,EdgeCirclePos,15689,1329,693
S01,C01,B02,4,3,400,40,EdgeCirclePos,15972,591,388
S01,C01,B02,4,4,400,40,EdgeCirclePos,16131,1242,822
S01,C01,B02,4,5,400,40,EdgeCirclePos,16316,677,258
S01,C01,B02,4,6,400,40,EdgeCirclePos,16503,1113,909
S01,C01,B02,4,7,400,40,EdgeCirclePos,16681,807,171
S01,C01,B02,4,8,400,40,EdgeCirclePos,16860,960,940
S01,C01,B02,4,9,400,40,EdgeCirclePos,17041,960,141
S01,C01,B02,4,10,400,40,EdgeCirclePos,17239,807,909
S01,C01,B02,4,11,400,40,EdgeCirclePos,17407,1112,171
S01,C01,B02,4,12,400,40,EdgeCirclePos,17586,678,822
S01,C01,B02,4,13,400,40,EdgeCirclePos,17782,1242,257
S01,C01,B02,4,14,400,40,EdgeCirclePos,17958,591,693
S01,C01,B02,4,15,400,40,EdgeCirclePos,18140,1329,387
